code,name,risk_source,amount
159998,计算机ETF天弘,科技成长,119933284
159997,电子ETF天弘,科技成长,110759238
159996,家电ETF国泰,消费,233060154
159995,芯片ETF华夏,科技成长,1669228007
159994,通信ETF银华,科技成长,244247522
159993,证券ETF鹏华,金融,112613194
159992,创新药ETF银华,医药,698822570
159981,能源化工ETF建信,周期资源,547246017
159980,有色ETF大成,周期资源,427070822
159945,能源ETF广发,周期资源,14401343
159944,材料ETF广发,周期资源,11819033
159940,金融地产ETF广发,金融,2005388
159939,信息技术ETF广发,科技成长,43714815
159938,医药ETF广发,医药,78949453
159936,可选消费ETF广发,消费,2676839
159933,金融地产ETF国投瑞银,金融,179602
159931,金融地产ETF汇添富,金融,293877
159930,能源ETF汇添富,周期资源,198457014
159929,医药ETF汇添富,医药,64652210
159928,消费ETF汇添富,消费,395183256
159899,软件ETF招商,科技成长,28103307
159898,医疗器械ETF招商,医药,19614813
159891,医疗ETF建信,医药,10739130
159887,银行ETF富国,金融,61756783
159883,医疗器械ETF永赢,医药,93706336
159881,有色金属ETF国泰,周期资源,14588563
159880,有色ETF鹏华,周期资源,68029648
159877,医疗ETF南方,医药,769039
159876,有色ETF华宝,周期资源,117375769
159875,新能源ETF嘉实,周期资源,114036277
159873,医疗设备ETF天弘,医药,13014900
159871,有色ETF银华,周期资源,56463113
159870,化工ETF鹏华,周期资源,810643127
159867,养殖ETF鹏华,消费,45030660
159865,养殖ETF国泰,消费,150863635
159862,食品饮料ETF银华,消费,3569065
159859,生物医药ETF天弘,医药,104995707
159858,创新药ETF南方,医药,8627643
159852,软件ETF嘉实,科技成长,442131845
159851,金融科技ETF华宝,金融,398324238
159848,证券ETF国联安,金融,4526301
159847,医疗ETF易方达,医药,26335107
159843,食品饮料ETF招商,消费,6984564
159842,券商ETF银华,金融,409618784
159841,证券ETF天弘,金融,313328447
159839,生物医药ETF汇添富,医药,30552674
159838,医药50ETF博时,医药,1570849
159835,创新药ETF建信,医药,17903735
159828,医疗ETF国泰,医药,38533764
159827,农业ETF银华,消费,4428640
159825,农业ETF富国,消费,69278472
159824,新能源车ETF博时,周期资源,5831542
159819,人工智能ETF易方达,科技成长,787763813
159813,半导体ETF鹏华,科技成长,514706187
159811,5GETF博时,科技成长,48188383
159806,新能源车ETF国泰,周期资源,36918078
159801,芯片ETF广发,科技成长,373706778
159798,消费ETF易方达,消费,11126873
159797,医疗器械ETF汇添富,医药,3884741
159793,线上消费ETF平安,消费,580873
159783,科创创业50ETF华夏,科技成长,355213557
159781,科创创业ETF易方达,科技成长,699931158
159780,科创创业50ETF南方,科技成长,209401214
159779,消费电子ETF招商,消费,36723716
159776,港股医药ETF银华,医药,6496450
159770,机器人ETF天弘,科技成长,335918201
159766,旅游ETF富国,消费,172552207
159763,新材料ETF建信,周期资源,8191272
159761,新材料ETF国泰,周期资源,16779947
159760,医疗健康ETF泰康,医药,564869
159752,新能源ETF申万菱信,周期资源,11794319
159748,创新药ETF富国,医药,19764304
159736,食品饮料ETF天弘,消费,19051214
159735,港股消费ETF银华,消费,42626482
159732,消费电子ETF华夏,消费,490617420
159730,家电ETF博时,消费,3953841
159728,在线消费ETF南方,消费,6418138
159725,线上消费ETF工银,消费,9273719
159718,港股医药ETF平安,医药,13001137
159715,稀土ETF易方达,周期资源,123250236
159713,稀土ETF富国,周期资源,130953652
159703,新材料ETF天弘,周期资源,11558902
159697,石油ETF鹏华,周期资源,66944518
159695,通信ETF嘉实,科技成长,56273213
159692,证券ETF东财,金融,76226840
159690,有色矿业ETF招商,周期资源,43452432
159689,消费ETF南方,消费,1653144
159672,消费ETF博时,消费,2283158
159670,消费50ETF国联安,消费,3115109
159665,半导体龙头ETF工银,科技成长,72659577
159658,数字经济ETF华安,科技成长,7813418
159652,有色ETF汇添富,周期资源,234853946
159647,中药ETF鹏华,医药,20561916
159637,新能源车ETF东财,周期资源,18196603
159622,创新药ETF东财,医药,60086087
159616,农牧ETF建信,消费,12810785
159603,科创创业ETF天弘,科技成长,27135663
159599,芯片ETF东财,科技成长,241058468
159590,软件ETF汇添富,科技成长,54560933
159588,石油ETF景顺,周期资源,38212878
159586,计算机ETF南方,科技成长,13380032
159583,通信ETF富国,科技成长,487639514
159582,半导体ETF博时,科技成长,81180807
159570,港股通创新药ETF汇添富,医药,2681808944
159567,港股创新药ETF银华,医药,874169030
159560,芯片ETF景顺,科技成长,33653809
159559,机器人ETF景顺,科技成长,211148597
159558,半导体设备ETF易方达,科技成长,765915259
159551,机器人ETF国泰,科技成长,38682379
159540,信创ETF易方达,科技成长,41505084
159539,信创ETF广发,科技成长,22180559
159538,信创ETF富国,科技成长,8275626
159537,信创ETF国泰,科技成长,10469406
159530,机器人ETF易方达,科技成长,1384406627
159526,机器人ETF嘉实,科技成长,55758635
159520,消费龙头ETF工银,消费,9905651
159516,半导体设备ETF国泰,科技成长,3278367645
159511,通信ETF南方,科技成长,19244580
159508,生物医药ETF华安,医药,1924979
159507,通信ETF广发,科技成长,49367492
159506,港股通创新药医疗ETF富国,医药,373292176
159392,航空ETF富国,军工,12017386
159389,数字经济ETF嘉实,科技成长,9885975
159385,数字经济ETF富国,科技成长,14273586
159378,通用航空ETF永赢,军工,41181941
159366,港股医疗ETF永赢,医药,53749733
159328,家电ETF易方达,消费,2063133
159327,半导体设备ETF万家,科技成长,186654052
159325,半导体ETF南方,科技成长,188705112
159316,港股通创新药ETF易方达,医药,725052760
159311,数字经济ETF易方达,科技成长,1869437
159310,芯片ETF天弘,科技成长,30291903
159299,金融科技ETF易方达,金融,26543840
159297,港股通创新药ETF南方,医药,116846969
159286,港股通创新药ETF鹏华,医药,40213785
159285,港股通消费ETF华安,消费,11206649
159283,通用航空ETF南方,军工,13637365
159278,机器人ETF鹏华,科技成长,144539291
159275,农牧渔ETF华宝,消费,11485750
159272,机器人ETF富国,科技成长,185379628
159268,港股通消费ETF汇添富,消费,85585942
159265,港股消费ETF鹏华,消费,21923977
159260,证券ETF博时,金融,8812977
159258,机器人ETF南方,科技成长,50500691
159257,航空ETF汇添富,军工,9685467
159255,通用航空ETF易方达,军工,7803326
159253,银行ETF博时,金融,2030827
159248,人工智能ETF万家,科技成长,32041429
159245,港股通消费ETF富国,消费,3983454
159241,航空航天ETF天弘,军工,117583907
159231,通用航空ETF华宝,军工,14918912
159230,通用航空ETF华夏,军工,29769804
159227,航空航天ETF华夏,军工,331899407
159217,港股通创新药ETF工银,医药,582377796
159213,机器人ETF汇添富,科技成长,71620224
159208,航空航天ETF万家,军工,22437083
159199,石油ETF平安,周期资源,4064015
159198,港股通信息技术ETF富国,科技成长,249781326
159197,石油ETF招商,周期资源,15844910
159196,港股通信息技术ETF易方达,科技成长,641733623
159195,石油ETF华安,周期资源,18397638
159193,新能源电池ETF银华,周期资源,20898703
159192,家电ETF汇添富,消费,3472221
159189,石油ETF华夏,周期资源,17159132
159185,港股通信息技术ETF鹏华,科技成长,291911366
159183,新能源车ETF招商,周期资源,8493328
159182,家电ETF南方,消费,1438459
159181,石油ETF易方达,周期资源,15494708
159180,软件ETF银华,科技成长,9906054
159178,消费电子ETF汇添富,消费,23794760
159176,家电ETF华宝,消费,16938590
159173,农牧ETF南方,消费,8776340
159172,养殖ETF汇添富,消费,18583791
159171,工业有色ETF博时,周期资源,7156087
159168,有色ETF富国,周期资源,22874652
159167,港股通医疗ETF工银,医药,13003384
159165,养殖ETF永赢,消费,8853224
159163,有色ETF泰康,周期资源,6503850
159162,工业有色ETF鹏华,周期资源,12121413
159157,有色金属ETF天弘,周期资源,241496460
159153,消费电子ETF鹏华,消费,27423232
159148,石油ETF富国,周期资源,20355957
159145,工业软件ETF广发,科技成长,4549747
159142,科创创业人工智能ETF景顺,科技成长,86881339
159141,科创创业人工智能ETF永赢,科技成长,89567281
159140,科创创业人工智能ETF易方达,科技成长,73468921
159139,科创创业人工智能ETF华泰柏瑞,科技成长,39577697
159137,港股通医疗ETF华宝,医药,38774673
159133,化工ETF天弘,周期资源,43834291
159131,港股通信息技术ETF华宝,科技成长,2716431848
159129,化工ETF嘉实,周期资源,35637055
159108,工业软件ETF博时,科技成长,11444584
159103,金融科技ETF汇添富,金融,10134459
159035,软件ETF天弘,科技成长,11341170
159032,工业有色ETF易方达,周期资源,23305493
159029,有色ETF广发,周期资源,20238291
159027,畜牧养殖ETF大成,消费,8093456
159026,石油ETF南方,周期资源,7136042
159022,科创创业人工智能ETF富国,科技成长,30035811
159020,养殖ETF易方达,消费,5410695
159019,石油ETF华宝,周期资源,13777340
159018,石油ETF广发,周期资源,3421957
159017,石油ETF工银,周期资源,4650159
159016,证券ETF广发,金融,18255261
159012,科创创业50ETF鹏华,科技成长,27013436
159008,证券ETF景顺,金融,10524032
159007,养殖ETF华泰柏瑞,消费,16423614
589990,科创综指ETF华泰柏瑞,科技成长,20021387
589980,科创100ETF汇添富,科技成长,4869371
589960,科创新能源ETF易方达,周期资源,53175293
589950,科创100ETF富国,科技成长,6128318
589900,科创综指ETF博时,科技成长,18559022
589890,科创综指ETF景顺,科技成长,20632845
589880,科创综指ETF建信,科技成长,24346092
589860,科创综指ETF天弘,科技成长,29879859
589820,科创200ETF建信,科技成长,9937591
589800,科创综指ETF易方达,科技成长,139074247
589780,科创200ETF富国,科技成长,3868384
589770,科创综指ETF招商,科技成长,27425283
589720,科创创新药ETF国泰,医药,163477984
589700,科创成长ETF南方,科技成长,6505076
589680,科创综指ETF鹏华,科技成长,174566537
589660,科创综指ETF南方,科技成长,52380630
589630,科创综指ETF国泰,科技成长,57134705
589600,科创综指ETF富国,科技成长,12127004
589580,科创综指ETF兴银,科技成长,759049
589560,科创人工智能ETF汇添富,科技成长,13170277
589550,科创价值ETF华夏,科技成长,5046598
589520,科创人工智能ETF华宝,科技成长,45793455
589500,科创综指ETF工银,科技成长,16290043
589380,科创AIETF富国,科技成长,9193836
589320,科创200ETF嘉实,科技成长,33163253
589300,科创综指ETF嘉实,科技成长,5446007
589270,科创100ETF前海开源,科技成长,4048251
589260,科创芯片设计ETF国泰,科技成长,19829899
589250,科创芯片设计ETF浦银,科技成长,11139204
589230,科创人工智能ETF南方,科技成长,50681285
589220,科创200ETF国泰,科技成长,40722133
589210,科创芯片设计ETF广发,科技成长,9246066
589200,科创200ETF工银,科技成长,2939170
589190,科创芯片ETF华宝,科技成长,117093868
589180,科创新材料ETF汇添富,周期资源,9663124
589170,科创芯片设计ETF鹏华,科技成长,8681759
589160,科创芯片ETF广发,科技成长,42605228
589130,科创芯片ETF易方达,科技成长,226438129
589120,科创创新药ETF汇添富,医药,39794964
589110,科创人工智能ETF国泰,科技成长,14324742
589100,科创芯片ETF国泰,科技成长,84776489
589090,科创AIETF鹏华,科技成长,9558905
589080,科创综指ETF汇添富,科技成长,24810373
589070,科创芯片设计ETF天弘,科技成长,105822559
589060,科创综指ETF东财,科技成长,4488706
589050,科创综指ETF兴业,科技成长,2210014
589030,科创芯片设计ETF易方达,科技成长,127354377
589020,科创半导体设备ETF鹏华,科技成长,261676833
589010,科创人工智能ETF华夏,科技成长,201110763
589000,科创综指ETF华夏,科技成长,158488175
588990,科创芯片ETF博时,科技成长,146363838
588980,科创100ETF广发,科技成长,2348808
588960,科创新能源ETF富国,周期资源,56073395
588930,科创人工智能ETF银华,科技成长,87797946
588920,科创芯片ETF鹏华,科技成长,55277758
588910,科创价值ETF建信,科技成长,22172921
588900,科创100ETF南方,科技成长,8507787
588890,科创芯片ETF南方,科技成长,206064859
588880,科创100ETF华泰柏瑞,科技成长,15272727
588860,科创医药ETF工银,医药,15408888
588850,科创机械ETF嘉实,科技成长,34212275
588830,科创新能源ETF鹏华,周期资源,131052676
588820,科创200ETF华夏,科技成长,41169014
588810,科创芯片ETF富国,科技成长,120052042
588800,科创100ETF华夏,科技成长,415159629
588790,科创AIETF博时,科技成长,633709807
588780,科创芯片设计ETF国联安,科技成长,344565791
588770,科创信息ETF摩根,科技成长,59058510
588760,科创人工智能ETF广发,科技成长,350843305
588750,科创芯片ETF汇添富,科技成长,530637783
588730,科创人工智能ETF易方达,科技成长,188702188
588710,科创半导体设备ETF华泰柏瑞,科技成长,509714699
588700,科创医药ETF嘉实,医药,41222722
588660,科创创业50ETF兴银,科技成长,5026321
588480,科创创业人工智能ETF中金,科技成长,24337530
588470,科创创业人工智能ETF华安,科技成长,74889928
588430,科创创业人工智能ETF工银,科技成长,19630532
588420,科创创业人工智能ETF摩根,科技成长,27019788
588410,科创创业人工智能ETF鹏华,科技成长,17488721
588400,科创创业ETF嘉实,科技成长,37729660
588390,科创创业ETF博时,科技成长,10998685
588380,科创创业ETF富国,科技成长,107034645
588360,科创创业ETF国泰,科技成长,38516702
588350,科创创业50ETF鹏扬,科技成长,5215487
588310,科创创业ETF方正富邦,科技成长,3439891
588300,科创创业50ETF招商,科技成长,119456109
588290,科创芯片ETF华安,科技成长,943561946
588270,科创200ETF易方达,科技成长,34025353
588260,科创信息ETF华安,科技成长,5735321
588250,科创医药ETF鹏华,医药,8324392
588240,科创200ETF鹏华,科技成长,57587465
588230,科创200ETF华泰柏瑞,科技成长,257084623
588220,科创100ETF鹏华,科技成长,1138696791
588210,科创100ETF易方达,科技成长,24647981
588200,科创芯片ETF嘉实,科技成长,6146167399
588190,科创100ETF银华,科技成长,166540197
588170,科创半导体ETF华夏,科技成长,3270231908
588160,科创新材料ETF南方,周期资源,37382251
588140,科创200ETF广发,科技成长,12647042
588130,科创医药ETF华夏,医药,12457192
588120,科创100ETF国泰,科技成长,142500967
588110,科创成长ETF广发,科技成长,36221832
588100,科创信息ETF嘉实,科技成长,25228589
588070,科创成长ETF万家,科技成长,5528145
588030,科创100ETF博时,科技成长,358520283
588020,科创成长ETF易方达,科技成长,252875394
588010,科创新材料ETF博时,周期资源,35089716
563870,通用航空ETF鹏华,军工,1568263
563670,金融科技ETF鹏华,金融,2609015
563570,金融科技ETF兴业,金融,19828281
563380,航空航天ETF华泰柏瑞,军工,64179920
563320,通用航空ETF华泰柏瑞,军工,25534181
562950,消费电子ETF易方达,消费,183984613
562930,软件ETF易方达,科技成长,52274476
562900,农业ETF易方达,消费,10116839
562870,证券ETF嘉实,金融,6753892
562600,医疗器械ETF华夏,医药,37555884
562590,半导体设备ETF华夏,科技成长,436057478
562580,可选消费ETF华夏,消费,6252969
562570,信创ETF华夏,科技成长,25097860
562560,信息技术ETF华夏,科技成长,1170646
562510,旅游ETF华夏,消费,54207144
562500,机器人ETF华夏,科技成长,1229072944
562390,中药ETF银华,医药,1014487
562360,机器人ETF银华,科技成长,37175609
562050,药ETF华宝,医药,10495868
562030,信创ETF华宝,科技成长,5093883
562010,绿色能源ETF华宝,周期资源,823150
561980,半导体设备ETF招商,科技成长,366798619
561660,通用航空ETF平安,军工,16116842
561600,消费电子ETF平安,消费,37741441
561510,中药ETF华泰柏瑞,医药,725741
561360,石油ETF国泰,周期资源,66967879
561330,矿业ETF国泰,周期资源,135554779
561260,能源ETF工银,周期资源,5817840
561220,数字经济ETF工银,科技成长,12968389
561120,家电ETF富国,消费,15787230
561100,消费电子ETF富国,消费,115432221
561010,软件ETF华安,科技成长,12671592
560900,创新药ETF摩根,医药,12434245
560880,家电ETF广发,消费,24354493
560870,工业有色ETF中银,周期资源,7123614
560860,工业有色ETF万家,周期资源,460614838
560850,信创ETF汇添富,科技成长,9876476
560800,数字经济ETF鹏扬,科技成长,17623151
560790,软件ETF鹏华,科技成长,13648282
560780,半导体设备ETF广发,科技成长,512098615
560770,机器人ETF招商,科技成长,48339197
560680,消费ETF广发,消费,14864060
560630,机器人ETF万家,科技成长,22819809
560490,工业有色ETF华泰柏瑞,周期资源,16149922
560470,有色ETF易方达,周期资源,14296670
560400,证券ETF华泰柏瑞,金融,31265483
560360,软件ETF万家,科技成长,6195443
560290,有色ETF景顺,周期资源,7328374
560260,医疗ETF广发,医药,5988967
560210,农牧渔ETF景顺,消费,14501975
560090,证券ETF汇添富,金融,132368683
560080,中药ETF汇添富,医药,42436493
526050,港股通信息技术ETF招商,科技成长,142332594
526010,港股通医疗ETF汇添富,医药,6492064
526000,港股通信息技术ETF华夏,科技成长,208436367
520970,港股通创新药ETF嘉实,医药,34882540
520880,港股通创新药ETF华宝,医药,264962104
520850,港股通医疗ETF易方达,医药,7231878
520700,港股通创新药ETF万家,医药,121851901
520690,港股创新药ETF博时,医药,67472528
520510,港股通医疗ETF华夏,医药,117643317
517990,沪港深医药ETF招商,医药,692959
517900,银行AH优选ETF招商,金融,42589890
517880,品牌消费ETF华泰柏瑞,消费,2076936
517800,人工智能50ETF方正富邦,科技成长,11620323
517550,沪港深消费龙头ETF招商,消费,3879128
517380,创新药ETF天弘,医药,30009035
517120,创新药ETF华泰柏瑞,医药,11047656
517110,创新药ETF国泰,医药,8254889
516980,证券先锋ETF华富,金融,4671684
516920,芯片ETF汇添富,科技成长,76713830
516900,食品饮料ETF华安,消费,3299277
516890,新材料ETF平安,周期资源,2101056
516860,金融科技ETF博时,金融,77523832
516850,新能源ETF华夏,周期资源,19284669
516820,医疗创新ETF平安,医药,31967002
516810,农业ETF华夏,消费,99718377
516790,医疗ETF华泰柏瑞,医药,6581540
516780,稀土ETF华泰柏瑞,周期资源,121849343
516760,养殖ETF平安,消费,6092755
516730,证券ETF浦银,金融,3271957
516710,新材料ETF华夏,周期资源,4234129
516670,畜牧养殖ETF招商,消费,35092070
516660,新能源车ETF华安,周期资源,2694518
516650,有色金属ETF华夏,周期资源,315223634
516640,芯片ETF富国,科技成长,205205025
516610,医疗设备ETF大成,医药,3354297
516600,消费服务ETF工银,消费,1405579
516580,新能源ETF博时,周期资源,1921869
516570,化工行业ETF易方达,周期资源,65735925
516550,农业ETF嘉实,消费,10674420
516390,新能源车ETF汇添富,周期资源,7542414
516360,新材料ETF华宝,周期资源,5695769
516350,芯片ETF易方达,科技成长,213090183
516310,银行ETF易方达,金融,111392198
516270,新能源ETF华安,周期资源,11013748
516220,化工ETF国泰,周期资源,40533862
516210,银行ETF华安,金融,10415598
516200,证券ETF华安,金融,8388442
516160,新能源ETF南方,周期资源,221080404
516150,稀土ETF嘉实,周期资源,294560053
516130,消费龙头ETF华宝,消费,10101293
516120,化工ETF富国,周期资源,82294924
516100,金融科技ETF华夏,金融,38556711
516090,新能源ETF易方达,周期资源,67588961
516080,创新药ETF易方达,医药,67351167
516060,创新药ETF工银,医药,11255674
516020,化工ETF华宝,周期资源,170565066
515980,人工智能ETF华富,科技成长,438343209
515960,医药ETF嘉实,医药,9814499
515950,医药50ETF富国,医药,10660401
515920,智能消费ETF博时,消费,10631740
515880,通信ETF国泰,科技成长,4179835398
515850,证券ETF富国,金融,38119651
515730,家居家电ETF永赢,消费,3088876
515720,金融科技ETF富国,金融,15073965
515710,食品饮料ETF华宝,消费,36321845
515700,新能源车ETF平安,周期资源,80300158
515650,消费50ETF富国,消费,50025109
515640,家电ETF华夏,消费,935303
515630,证券保险ETF鹏华,金融,119417569
515560,证券ETF建信,金融,13444494
515320,电子50ETF华安,科技成长,22223546
515290,银行ETF天弘,金融,44405069
515260,电子ETF华宝,科技成长,88578258
515230,软件ETF国泰,科技成长,227272783
515220,煤炭ETF国泰,周期资源,936705245
515210,钢铁ETF国泰,周期资源,121457377
515170,食品饮料ETF华夏,消费,115491310
515120,创新药ETF广发,医药,426013097
515070,人工智能ETF华夏,科技成长,311533054
515050,通信ETF华夏,科技成长,1167944368
515030,新能源车ETF华夏,周期资源,201055070
515020,银行ETF华夏,金融,108086455
515010,证券ETF华夏,金融,59742237
513780,港股创新药ETF景顺,医药,329319413
513750,港股通非银ETF广发,金融,780130440
513700,港股通医药ETF鹏华,医药,63152567
513620,港股医疗ETF银华,医药,4256393
513590,港股通消费ETF鹏华,消费,10355184
513310,中韩半导体ETF华泰柏瑞,科技成长,6398556835
513240,港股通信息技术ETF华安,科技成长,226296108
513230,港股通消费ETF华夏,消费,31155642
513200,港股通医药ETF易方达,医药,245802216
513190,港股通金融ETF华夏,金融,357697609
513140,港股通金融ETF华泰柏瑞,金融,42055227
513120,港股创新药ETF广发,医药,3355346909
513090,香港证券ETF易方达,金融,4458726205
513070,港股通消费ETF易方达,消费,106133279
512940,有色ETF华安,周期资源,64113505
512930,AI人工智能ETF平安,科技成长,179855466
512900,证券ETF南方,金融,39960538
512880,证券ETF国泰,金融,2491566922
512820,银行ETF汇添富,金融,72965194
512810,军工ETF华宝,军工,46740009
512800,银行ETF华宝,金融,861982889
512760,芯片ETF国泰,科技成长,715885286
512730,银行ETF鹏华,金融,6058768
512720,计算机ETF国泰,科技成长,94634239
512710,军工龙头ETF富国,军工,424897975
512700,银行ETF南方,金融,93670029
512690,酒ETF鹏华,消费,840705534
512680,军工ETF广发,军工,70382876
512670,国防ETF鹏华,军工,155735981
512660,军工ETF国泰,军工,464773160
512640,金融地产ETF嘉实,金融,2694790
512620,农业ETF天弘,消费,8753052
512600,消费ETF嘉实,消费,6064573
512570,证券ETF易方达,金融,156206926
512560,军工ETF易方达,军工,48838951
512480,半导体ETF国联安,科技成长,2169576784
512450,畜牧养殖ETF广发,消费,5704285
512430,家居家电ETF华泰柏瑞,消费,2075187
512400,有色金属ETF南方,周期资源,1222480512
512290,生物医药ETF国泰,医药,96108079
512170,医疗ETF华宝,医药,561963164
512120,医药ETF华安,医药,8146097
512070,证券保险ETF易方达,金融,573962495
512010,医药ETF易方达,医药,445543068
512000,券商ETF华宝,金融,1394146050
510660,医药ETF华夏,医药,11467460
510650,金融地产ETF华夏,金融,910212
510630,消费ETF华夏,消费,35824188
510410,资源ETF博时,周期资源,12503322
510230,金融ETF国泰,金融,60786438
510200,上证券商ETF汇安,金融,4072977
510150,消费ETF招商,消费,33641028
