触发日期,scaling_factor,predicted_vol,active_count,熔断触发
2014-01-28,1.1844,0.0844,4,True
2014-01-29,1.1905,0.084,4,True
2014-01-30,1.2087,0.0827,4,True
2014-02-07,1.2017,0.0832,4,True
2014-02-10,1.1952,0.0837,4,True
2014-02-11,1.2027,0.0831,4,True
2014-02-12,1.2212,0.0819,4,True
2014-03-10,0.8584,0.1165,4,True
2014-03-11,1.3805,0.0724,3,True
2014-03-20,0.8452,0.1183,4,True
2014-03-24,1.3715,0.0729,3,True
2014-03-25,1.3233,0.0756,3,True
2014-03-26,1.3626,0.0734,3,True
2014-03-27,1.307,0.0765,2,True
2014-03-28,1.287,0.0777,3,True
2014-03-31,1.3268,0.0754,3,True
2014-04-01,1.3529,0.0739,3,True
2014-04-02,1.3138,0.0761,3,True
2014-04-03,1.3546,0.0738,3,True
2014-04-04,1.3597,0.0735,3,True
2014-04-08,1.3689,0.073,2,True
2014-04-09,1.4093,0.071,2,True
2014-04-10,1.3714,0.0729,3,True
2014-04-11,1.4862,0.0673,2,True
2014-04-14,1.4574,0.0686,2,True
2014-04-15,1.4117,0.0708,2,True
2014-04-16,1.3889,0.072,2,True
2014-04-17,1.4231,0.0703,2,True
2014-04-18,3.1661,0.0316,1,True
2014-04-21,3.2506,0.0308,1,True
2014-04-25,2.7841,0.0359,1,True
2014-04-28,2.8235,0.0354,1,False
2014-04-29,2.8942,0.0346,1,True
2014-04-30,2.8099,0.0356,1,True
2014-05-05,1.5435,0.0648,2,True
2014-05-06,2.971,0.0337,1,True
2014-05-07,1.4427,0.0693,3,True
2014-05-08,1.3196,0.0758,2,True
2014-05-09,1.3539,0.0739,2,True
2014-05-12,1.2395,0.0807,2,True
2014-05-13,1.2735,0.0785,2,True
2014-05-14,1.2568,0.0796,3,True
2014-05-15,1.3075,0.0765,2,True
2014-05-16,1.3486,0.0742,2,True
2014-05-19,1.3069,0.0765,2,True
2014-05-20,3.4685,0.0288,1,True
2014-05-21,3.5535,0.0281,1,True
2014-05-22,3.6322,0.0275,1,True
2014-05-23,1.3292,0.0752,2,True
2014-05-26,1.7569,0.0569,4,True
2014-05-27,1.8934,0.0528,3,True
2014-05-29,1.4228,0.0703,3,True
2014-05-30,1.4019,0.0713,2,True
2014-06-03,1.4377,0.0696,2,True
2014-06-04,1.482,0.0675,2,True
2014-06-06,1.5281,0.0654,2,True
2014-06-09,1.5731,0.0636,2,True
2014-06-10,1.5657,0.0639,2,True
2014-06-11,1.608,0.0622,2,False
2014-06-19,1.6882,0.0592,2,False
2014-06-20,1.2671,0.0789,4,False
2014-06-23,1.2599,0.0794,4,False
2014-06-24,1.297,0.0771,4,False
2014-06-26,1.2761,0.0784,5,False
2014-06-27,1.3161,0.076,5,False
2014-06-30,1.3477,0.0742,5,False
2014-07-01,1.3884,0.072,5,False
2014-07-02,1.4126,0.0708,5,False
2014-07-03,1.4553,0.0687,5,False
2014-07-04,1.5009,0.0666,5,False
2014-07-07,1.4839,0.0674,5,False
2014-07-08,1.5267,0.0655,5,False
2014-07-09,1.3098,0.0763,5,False
2014-07-11,1.3776,0.0726,5,False
2014-07-14,1.4103,0.0709,5,False
2014-07-15,1.404,0.0712,5,False
2014-07-18,1.19,0.084,4,False
2014-07-21,1.7953,0.0557,3,True
2014-07-22,1.2179,0.0821,4,True
2014-07-23,1.9052,0.0525,3,True
2014-07-24,1.7554,0.057,3,True
2014-07-25,1.8102,0.0552,3,True
2014-07-28,1.5937,0.0627,3,True
2014-07-30,1.6187,0.0618,3,False
2014-07-31,1.6359,0.0611,3,False
2014-08-01,1.2867,0.0777,3,False
2014-08-04,1.2257,0.0816,3,False
2014-08-05,1.2536,0.0798,3,False
2014-08-06,1.3107,0.0763,5,False
2014-08-07,1.764,0.0567,4,False
2014-08-08,1.324,0.0755,3,False
2014-08-11,1.3649,0.0733,5,False
2014-08-13,1.4249,0.0702,5,False
2014-08-14,1.2023,0.0832,4,False
2014-08-15,1.1827,0.0846,4,False
2014-08-22,1.2985,0.077,4,False
2014-08-25,1.262,0.0792,4,False
2014-08-26,1.7035,0.0587,3,False
2014-08-27,1.7534,0.057,3,False
2014-08-28,1.75,0.0571,3,False
2014-08-29,1.2639,0.0791,4,False
2014-09-01,1.2498,0.08,4,True
2014-09-02,1.2279,0.0814,4,True
2014-09-03,1.2552,0.0797,4,True
2014-09-04,1.2946,0.0772,4,True
2014-09-05,1.3347,0.0749,4,True
2014-09-09,1.374,0.0728,4,True
2014-09-10,1.3912,0.0719,4,True
2014-09-11,1.4258,0.0701,4,True
2014-09-12,1.4594,0.0685,4,True
2014-09-15,1.485,0.0673,4,True
2014-10-08,1.1932,0.0838,4,True
2014-10-09,1.2137,0.0824,4,True
2014-10-10,1.1856,0.0843,4,True
2014-10-31,1.1777,0.0849,4,False
2014-11-03,1.198,0.0835,4,False
2014-11-04,1.2186,0.0821,4,False
2014-11-06,1.2871,0.0777,4,False
2014-11-07,1.3233,0.0756,4,False
2014-11-10,1.2998,0.0769,4,False
2014-11-11,1.391,0.0719,3,False
2014-11-12,1.4186,0.0705,3,False
2014-11-13,1.429,0.07,3,False
2014-11-14,1.4692,0.0681,3,False
2014-11-17,1.4892,0.0672,3,False
2014-11-18,1.2045,0.083,4,False
2014-11-19,1.2095,0.0827,4,False
2014-11-20,1.5523,0.0644,3,False
2014-11-21,1.1848,0.0844,4,False
2014-11-28,1.1841,0.0845,4,False
2014-12-01,1.1822,0.0846,4,False
2014-12-09,0.7044,0.142,3,False
2014-12-10,0.5183,0.1929,4,False
2014-12-11,0.4281,0.2336,3,False
2014-12-12,0.4411,0.2267,3,False
2014-12-15,0.6063,0.1649,4,False
2014-12-16,0.6252,0.16,4,False
2014-12-17,0.6448,0.1551,4,False
2014-12-18,0.6649,0.1504,4,False
2014-12-19,0.6842,0.1461,4,False
2014-12-22,0.7353,0.136,3,False
2014-12-23,0.7357,0.1359,3,False
2014-12-24,0.7152,0.1398,3,False
2014-12-25,0.7631,0.131,5,False
2014-12-26,0.8374,0.1194,4,False
2014-12-29,0.6342,0.1577,3,False
2014-12-30,0.6464,0.1547,3,False
2014-12-31,0.6555,0.1526,3,False
2015-01-05,0.6756,0.148,3,False
2015-01-06,0.5006,0.1998,3,False
2015-01-07,0.5096,0.1962,3,False
2015-01-08,0.6879,0.1454,4,False
2015-01-09,0.7081,0.1412,4,False
2015-01-13,0.7489,0.1335,4,False
2015-01-14,0.7629,0.1311,4,False
2015-01-15,0.778,0.1285,4,False
2015-01-16,0.7203,0.1388,4,False
2015-01-19,0.6009,0.1664,4,False
2015-01-20,0.5752,0.1739,4,False
2015-01-21,0.5618,0.178,4,False
2015-01-22,0.5774,0.1732,4,False
2015-01-23,0.5882,0.17,4,False
2015-01-26,0.5987,0.167,4,False
2015-01-27,0.6089,0.1642,4,False
2015-01-28,0.6135,0.163,4,False
2015-01-29,0.6186,0.1617,4,False
2015-01-30,0.6027,0.1659,4,False
2015-02-02,0.6216,0.1609,4,False
2015-02-03,0.6087,0.1643,4,False
2015-02-04,0.7406,0.135,5,False
2015-02-05,0.6405,0.1561,4,False
2015-02-06,0.7638,0.1309,5,False
2015-02-09,0.7723,0.1295,5,False
2015-02-10,0.7784,0.1285,5,False
2015-02-11,0.7906,0.1265,5,False
2015-02-12,0.8149,0.1227,5,False
2015-02-13,0.7989,0.1252,5,False
2015-02-16,0.7902,0.1266,5,False
2015-02-17,0.8139,0.1229,5,False
2015-02-25,0.819,0.1221,5,False
2015-02-26,0.838,0.1193,5,False
2015-02-27,0.8579,0.1166,5,False
2015-03-02,0.8667,0.1154,5,False
2015-03-03,0.8477,0.118,5,False
2015-03-04,0.8657,0.1155,5,False
2015-03-12,0.8131,0.123,4,False
2015-03-13,0.8186,0.1222,4,False
2015-03-16,0.7927,0.1262,4,False
2015-03-17,0.8165,0.1225,4,False
2015-03-18,0.812,0.1231,4,False
2015-03-19,0.834,0.1199,4,False
2015-03-20,0.8547,0.117,4,False
2015-03-23,0.8219,0.1217,4,False
2015-03-24,0.8452,0.1183,4,False
2015-03-25,0.8639,0.1158,4,False
2015-03-26,0.7535,0.1327,4,False
2015-03-27,0.7746,0.1291,4,False
2015-03-30,0.5948,0.1681,3,False
2015-03-31,0.6133,0.163,3,False
2015-04-01,0.631,0.1585,3,False
2015-04-02,0.8629,0.1159,4,False
2015-04-07,0.6698,0.1493,3,False
2015-04-08,0.6561,0.1524,3,False
2015-04-09,0.6682,0.1497,3,False
2015-04-10,0.689,0.1451,3,False
2015-04-13,0.7067,0.1415,3,False
2015-04-14,0.7119,0.1405,3,False
2015-04-15,0.625,0.16,3,False
2015-04-16,0.6032,0.1658,3,False
2015-04-17,0.6221,0.1607,3,False
2015-04-20,0.4019,0.2488,2,False
2015-04-21,0.3454,0.2895,2,False
2015-04-22,0.5244,0.1907,3,False
2015-04-23,0.5397,0.1853,3,False
2015-04-24,0.5081,0.1968,3,False
2015-04-27,0.6926,0.1444,4,False
2015-04-28,0.5465,0.183,3,False
2015-04-29,0.538,0.1859,3,False
2015-04-30,0.6697,0.1493,4,False
2015-05-04,0.567,0.1764,3,False
2015-05-05,0.6206,0.1611,4,False
2015-05-06,0.6873,0.1455,4,False
2015-05-07,0.6319,0.1583,4,False
2015-05-08,0.5613,0.1782,4,False
2015-05-11,0.6458,0.1548,5,False
2015-05-12,0.664,0.1506,5,False
2015-05-13,0.6566,0.1523,5,False
2015-05-14,0.677,0.1477,5,True
2015-05-15,0.6931,0.1443,5,True
2015-05-18,0.7036,0.1421,5,True
2015-05-19,0.7219,0.1385,5,True
2015-05-20,0.6311,0.1584,4,True
2015-05-21,0.6254,0.1599,4,True
2015-05-22,0.7585,0.1318,5,True
2015-05-25,0.7823,0.1278,5,True
2015-05-26,0.7953,0.1257,5,True
2015-05-27,0.7995,0.1251,5,True
2015-05-28,0.6549,0.1527,5,True
2015-05-29,0.5473,0.1827,4,True
2015-06-01,0.5181,0.193,4,True
2015-06-02,0.514,0.1945,4,True
2015-06-03,0.5266,0.1899,4,False
2015-06-04,0.5419,0.1845,4,False
2015-06-05,0.5533,0.1807,4,False
2015-06-08,0.5562,0.1798,4,False
2015-06-09,0.565,0.177,4,False
2015-06-10,0.7137,0.1401,5,False
2015-06-11,0.5957,0.1679,4,False
2015-06-12,0.6143,0.1628,4,False
2015-06-15,0.411,0.2433,3,False
2015-06-16,0.3968,0.252,3,False
2015-06-17,0.3966,0.2521,3,True
2015-06-18,0.3515,0.2845,3,True
2015-06-19,0.1709,0.5851,1,True
2015-06-23,0.3457,0.2892,2,True
2015-06-24,0.3321,0.3011,3,True
2015-06-25,0.3388,0.2951,2,True
2015-06-26,0.3028,0.3302,2,True
2015-06-30,0.1233,0.8108,1,True
2015-07-07,2.0481,0.0488,1,True
2015-07-08,1.9985,0.05,1,True
2015-07-09,2.0287,0.0493,1,False
2015-07-16,1.9379,0.0516,1,False
2015-08-11,0.7746,0.1291,2,False
2015-08-12,0.7402,0.1351,2,False
2015-08-13,0.76,0.1316,2,False
2015-08-14,0.7835,0.1276,2,False
2015-08-17,0.8075,0.1238,2,False
2015-08-18,0.8282,0.1207,2,False
2015-08-19,0.8322,0.1202,2,False
2015-08-20,0.832,0.1202,2,False
2015-08-27,0.727,0.1375,3,False
2015-08-28,0.7243,0.1381,3,False
2015-08-31,0.7463,0.134,3,False
2015-09-01,0.7554,0.1324,3,False
2015-09-02,0.7791,0.1283,3,False
2015-09-07,0.7836,0.1276,3,False
2015-09-08,0.5382,0.1858,2,False
2015-09-09,0.8066,0.124,3,False
2015-09-10,2.9137,0.0343,1,False
2015-09-11,0.5647,0.1771,2,False
2015-09-15,1.2732,0.0785,2,False
2015-09-16,1.3127,0.0762,2,False
2015-09-17,1.2898,0.0775,2,False
2015-09-18,0.685,0.146,1,False
2015-09-21,1.2992,0.077,2,False
2015-09-22,1.3142,0.0761,2,False
2015-09-23,0.7004,0.1428,1,False
2015-09-24,0.709,0.141,1,False
2015-09-25,1.3989,0.0715,2,False
2015-09-28,1.4172,0.0706,2,False
2015-09-29,1.3763,0.0727,2,False
2015-09-30,1.4168,0.0706,2,False
2015-10-08,1.3819,0.0724,2,False
2015-10-09,0.716,0.1397,1,False
2015-10-12,0.713,0.1403,1,False
2015-10-13,0.7204,0.1388,1,False
2015-10-14,1.268,0.0789,2,False
2015-10-15,0.7115,0.1406,1,True
2015-10-16,0.7292,0.1371,1,True
2015-10-19,0.7485,0.1336,1,True
2015-10-20,1.4004,0.0714,2,True
2015-10-21,1.4444,0.0692,2,True
2015-10-22,1.4653,0.0682,2,False
2015-10-23,0.3922,0.255,3,False
2015-10-26,0.3264,0.3064,4,False
2015-10-27,0.4133,0.242,5,False
2015-10-28,0.4202,0.238,5,False
2015-10-29,0.4324,0.2313,5,False
2015-10-30,0.4451,0.2247,5,False
2015-11-02,0.4503,0.2221,5,False
2015-11-03,0.3794,0.2636,4,False
2015-11-04,0.2636,0.3794,3,False
2015-11-05,0.2714,0.3685,3,False
2015-11-06,0.2757,0.3627,3,False
2015-11-09,0.284,0.3521,3,False
2015-11-10,0.292,0.3425,3,False
2015-11-11,0.301,0.3322,3,False
2015-11-12,0.3073,0.3254,3,False
2015-11-13,0.3084,0.3242,3,False
2015-11-16,0.3177,0.3147,3,False
2015-11-17,0.3253,0.3074,3,False
2015-11-18,0.3307,0.3024,3,False
2015-11-19,0.3255,0.3072,3,False
2015-11-20,0.3356,0.298,3,False
2015-11-23,0.3446,0.2902,3,False
2015-11-24,0.3553,0.2815,3,False
2015-11-25,0.3643,0.2745,3,False
2015-11-26,0.4947,0.2022,4,False
2015-11-27,0.4312,0.2319,4,False
2015-11-30,0.4444,0.225,4,False
2015-12-01,0.3428,0.2917,3,False
2015-12-02,0.467,0.2142,4,False
2015-12-03,0.4759,0.2101,4,False
2015-12-04,0.4782,0.2091,4,False
2015-12-07,0.4862,0.2057,4,False
2015-12-08,0.4934,0.2027,4,False
2015-12-09,0.5085,0.1967,4,False
2015-12-10,0.524,0.1908,4,False
2015-12-11,0.5397,0.1853,4,False
2015-12-14,0.5498,0.1819,4,False
2015-12-15,0.5669,0.1764,4,False
2015-12-16,0.5833,0.1714,4,False
2015-12-17,0.5671,0.1763,4,False
2015-12-18,0.5816,0.1719,4,False
2015-12-21,0.5978,0.1673,4,False
2015-12-22,0.6158,0.1624,4,False
2015-12-23,0.6275,0.1594,4,False
2015-12-24,0.6472,0.1545,4,False
2015-12-25,0.6671,0.1499,4,False
2015-12-28,0.5149,0.1942,3,False
2015-12-29,0.6526,0.1532,4,False
2015-12-30,0.6663,0.1501,4,False
2015-12-31,1.3009,0.0769,2,False
2016-01-04,1.6682,0.0599,3,False
2016-01-05,1.6969,0.0589,3,False
2016-01-06,1.681,0.0595,3,False
2016-01-07,1.6953,0.059,3,False
2016-01-08,1.5781,0.0634,2,False
2016-01-11,1.6936,0.059,3,False
2016-01-12,1.5595,0.0641,2,False
2016-01-13,1.5569,0.0642,2,False
2016-01-14,1.5901,0.0629,2,False
2016-01-15,1.6087,0.0622,2,False
2016-01-18,1.6574,0.0603,2,False
2016-01-19,1.6884,0.0592,2,False
2016-01-20,1.7055,0.0586,2,False
2016-01-21,1.6735,0.0598,2,False
2016-01-22,1.6654,0.06,2,False
2016-01-25,1.7165,0.0583,2,False
2016-01-26,1.562,0.064,2,False
2016-01-27,1.5852,0.0631,2,False
2016-01-28,1.5792,0.0633,2,False
2016-01-29,1.6287,0.0614,2,False
2016-02-01,1.642,0.0609,2,False
2016-02-02,1.6935,0.0591,2,False
2016-02-03,1.7367,0.0576,2,False
2016-02-04,1.7485,0.0572,2,False
2016-02-05,1.7077,0.0586,2,False
2016-02-24,1.1769,0.085,2,False
2016-02-25,1.1883,0.0842,2,False
2016-02-26,1.2178,0.0821,2,False
2016-02-29,1.1911,0.084,2,False
2016-03-01,1.1793,0.0848,2,False
2016-03-04,1.187,0.0842,2,False
2016-03-07,1.2148,0.0823,2,False
2016-03-08,1.2526,0.0798,2,False
2016-03-09,1.2235,0.0817,2,False
2016-03-10,1.2393,0.0807,2,False
2016-03-11,1.2242,0.0817,2,False
2016-03-14,1.1788,0.0848,2,False
2016-03-16,1.4061,0.0711,3,False
2016-03-17,1.3852,0.0722,3,False
2016-03-18,0.6085,0.1643,4,False
2016-03-21,1.3582,0.0736,3,False
2016-03-22,0.5742,0.1742,5,False
2016-03-23,0.5909,0.1692,5,False
2016-03-24,0.5813,0.172,5,False
2016-03-25,0.5989,0.167,5,False
2016-03-28,0.6131,0.1631,5,False
2016-03-29,0.6257,0.1598,5,False
2016-03-30,0.5893,0.1697,5,False
2016-03-31,0.6041,0.1655,5,False
2016-04-01,0.6224,0.1607,5,False
2016-04-05,0.632,0.1582,5,False
2016-04-06,0.6518,0.1534,5,False
2016-04-07,0.666,0.1501,5,False
2016-04-08,0.6797,0.1471,5,False
2016-04-11,0.6897,0.145,5,False
2016-04-12,0.7095,0.1409,5,False
2016-04-13,0.7307,0.1369,5,False
2016-04-14,0.751,0.1332,5,False
2016-04-15,0.6172,0.162,4,False
2016-04-18,0.7773,0.1287,5,False
2016-04-19,0.7999,0.125,5,False
2016-04-20,1.3139,0.0761,4,False
2016-04-21,0.7415,0.1349,5,False
2016-04-22,0.6018,0.1662,4,False
2016-04-25,0.4629,0.216,3,False
2016-04-26,0.4733,0.2113,3,False
2016-04-27,0.6585,0.1519,4,False
2016-04-28,0.6641,0.1506,4,False
2016-04-29,0.7647,0.1308,4,False
2016-05-03,0.6927,0.1444,4,False
2016-05-04,0.8096,0.1235,5,False
2016-05-05,0.8351,0.1198,5,False
2016-05-06,0.7865,0.1272,5,False
2016-05-09,0.6268,0.1596,4,False
2016-05-10,0.7124,0.1404,3,False
2016-05-11,0.8239,0.1214,5,False
2016-05-12,0.8497,0.1177,5,True
2016-05-13,1.4968,0.0668,2,True
2016-05-16,1.5436,0.0648,2,False
2016-05-17,1.8889,0.0529,3,False
2016-05-18,1.6065,0.0622,2,False
2016-05-19,0.7533,0.1328,1,False
2016-05-20,0.7766,0.1288,1,False
2016-05-23,0.8004,0.1249,1,False
2016-05-24,0.8171,0.1224,1,False
2016-05-25,1.3457,0.0743,2,False
2016-05-26,1.3597,0.0735,2,False
2016-05-27,1.4025,0.0713,2,False
2016-05-30,0.8147,0.1228,1,False
2016-05-31,1.3966,0.0716,2,False
2016-06-01,1.4402,0.0694,2,False
2016-06-02,1.4753,0.0678,2,False
2016-06-03,1.1772,0.0849,3,False
2016-06-06,1.4931,0.067,2,False
2016-06-07,1.5295,0.0654,2,False
2016-06-08,1.573,0.0636,2,False
2016-06-13,0.6038,0.1656,1,False
2016-06-14,0.6184,0.1617,1,False
2016-06-15,0.6366,0.1571,1,False
2016-06-16,0.6169,0.1621,1,True
2016-06-23,1.8277,0.0547,3,True
2016-07-01,1.4823,0.0675,3,True
2016-07-11,1.191,0.084,5,True
2016-07-12,1.1954,0.0837,5,True
2016-07-13,1.2329,0.0811,5,True
2016-07-14,1.2507,0.08,5,True
2016-07-15,1.2841,0.0779,5,True
2016-07-18,1.2868,0.0777,5,True
2016-07-19,1.3206,0.0757,5,True
2016-07-20,1.3378,0.0748,5,True
2016-07-21,1.3796,0.0725,5,True
2016-07-22,1.3877,0.0721,5,True
2016-07-25,1.4215,0.0704,5,True
2016-07-26,1.3962,0.0716,5,True
2016-07-27,1.7938,0.0557,4,True
2016-07-28,1.7677,0.0566,4,True
2016-07-29,1.8069,0.0553,4,True
2016-08-01,1.8633,0.0537,4,True
2016-08-02,1.8961,0.0527,4,False
2016-08-03,1.9108,0.0523,4,False
2016-08-04,1.9322,0.0518,4,False
2016-08-05,1.2911,0.0775,5,False
2016-08-08,1.3289,0.0752,5,False
2016-08-09,1.3514,0.074,5,False
2016-08-10,1.3933,0.0718,5,False
2016-08-11,1.8924,0.0528,4,False
2016-08-12,1.3415,0.0745,5,False
2016-08-15,1.2154,0.0823,5,False
2016-08-16,1.2535,0.0798,5,False
2016-08-17,1.2713,0.0787,5,False
2016-08-18,1.311,0.0763,5,False
2016-08-19,1.3493,0.0741,5,False
2016-08-22,1.854,0.0539,4,False
2016-08-23,1.9029,0.0526,4,False
2016-08-24,1.9465,0.0514,4,False
2016-08-25,1.6729,0.0598,3,False
2016-08-26,1.7255,0.058,3,False
2016-08-29,1.7683,0.0566,3,False
2016-08-30,1.8008,0.0555,3,False
2016-08-31,1.8493,0.0541,3,False
2016-09-01,1.8235,0.0548,3,False
2016-09-02,1.8777,0.0533,3,False
2016-09-05,1.9115,0.0523,3,False
2016-09-06,1.9259,0.0519,3,False
2016-09-07,1.9327,0.0517,4,False
2016-09-08,1.9694,0.0508,4,False
2016-09-09,1.9642,0.0509,4,False
2016-09-12,1.189,0.0841,3,False
2016-09-13,1.1898,0.084,3,False
2016-09-14,1.3531,0.0739,3,False
2016-09-20,1.3286,0.0753,4,False
2016-09-21,1.3656,0.0732,4,False
2016-09-22,1.1846,0.0844,5,False
2016-10-19,1.2657,0.079,2,False
2016-10-20,1.2956,0.0772,2,False
2016-10-21,1.3334,0.075,2,False
2016-10-24,1.3515,0.074,3,False
2016-10-25,1.1948,0.0837,4,False
2016-10-26,1.196,0.0836,4,False
2016-10-27,1.3945,0.0717,3,False
2016-10-28,1.4374,0.0696,3,False
2016-10-31,1.4741,0.0678,3,False
2016-11-01,1.5042,0.0665,3,False
2016-11-02,1.4446,0.0692,3,False
2016-11-03,1.4889,0.0672,3,False
2016-11-04,1.5357,0.0651,3,False
2016-11-07,1.5416,0.0649,3,False
2016-11-08,1.5888,0.0629,3,False
2016-11-09,2.0265,0.0493,3,False
2016-11-11,1.9803,0.0505,2,False
2016-11-18,0.8247,0.1213,2,False
2016-11-21,0.8502,0.1176,2,False
2016-12-05,0.8428,0.1186,2,False
2016-12-06,0.864,0.1157,2,False
2016-12-08,0.867,0.1153,2,False
2016-12-12,0.8515,0.1174,2,True
2016-12-16,0.6636,0.1507,1,True
2016-12-19,0.6799,0.1471,1,True
2016-12-20,0.7013,0.1426,1,True
2016-12-21,0.67,0.1492,1,True
2016-12-22,0.6808,0.1469,1,True
2016-12-23,0.6999,0.1429,1,True
2016-12-26,0.6752,0.1481,1,True
2016-12-27,0.6207,0.1611,1,True
2016-12-28,0.638,0.1567,1,True
2016-12-29,0.6329,0.158,1,True
2016-12-30,0.6472,0.1545,1,True
2017-01-03,0.6493,0.154,1,True
2017-01-05,0.6827,0.1465,1,True
2017-01-06,0.7041,0.142,1,True
2017-01-09,0.7177,0.1393,1,True
2017-01-10,0.7352,0.136,1,True
2017-01-11,0.7522,0.1329,1,True
2017-01-12,0.774,0.1292,1,True
2017-01-13,0.7957,0.1257,1,True
2017-01-16,0.8162,0.1225,1,True
2017-01-17,0.8267,0.121,1,True
2017-01-18,0.8489,0.1178,1,True
2017-01-20,1.3878,0.0721,2,True
2017-01-23,1.4285,0.07,2,True
2017-01-24,1.4731,0.0679,2,True
2017-01-26,1.4813,0.0675,2,True
2017-02-03,1.5183,0.0659,2,True
2017-02-06,1.4838,0.0674,2,True
2017-02-07,1.5132,0.0661,2,True
2017-02-08,1.5432,0.0648,2,True
2017-02-09,1.5656,0.0639,2,True
2017-02-10,1.6042,0.0623,2,True
2017-02-13,1.654,0.0605,2,True
2017-02-14,1.6954,0.059,2,True
2017-02-15,2.4749,0.0404,3,True
2017-02-16,2.4595,0.0407,4,True
2017-02-17,2.4701,0.0405,4,True
2017-02-20,2.4402,0.041,4,True
2017-02-21,2.5167,0.0397,4,True
2017-02-22,2.4807,0.0403,4,True
2017-02-23,2.5177,0.0397,4,True
2017-02-24,2.5895,0.0386,4,True
2017-02-27,2.5224,0.0396,4,True
2017-02-28,2.6008,0.0384,4,True
2017-03-01,2.537,0.0394,4,True
2017-03-02,2.4738,0.0404,4,True
2017-03-03,2.2881,0.0437,4,True
2017-03-06,1.8018,0.0555,5,True
2017-03-07,2.0112,0.0497,4,True
2017-03-08,2.0033,0.0499,4,True
2017-03-09,1.9868,0.0503,4,True
2017-03-10,1.5285,0.0654,3,True
2017-03-13,1.3199,0.0758,4,True
2017-03-14,1.3494,0.0741,4,True
2017-03-15,1.3896,0.072,4,True
2017-03-16,1.6331,0.0612,5,True
2017-03-17,1.5837,0.0631,5,True
2017-03-20,1.6323,0.0613,5,True
2017-03-21,1.6769,0.0596,5,True
2017-03-22,1.5354,0.0651,5,True
2017-03-23,1.2715,0.0786,4,True
2017-03-24,1.3114,0.0763,4,True
2017-03-27,1.6464,0.0607,5,True
2017-03-28,1.6953,0.059,5,False
2017-03-29,1.7485,0.0572,5,False
2017-03-30,1.3508,0.074,4,False
2017-03-31,1.6791,0.0596,5,False
2017-04-05,1.5572,0.0642,5,True
2017-04-06,1.5829,0.0632,5,True
2017-04-07,1.6217,0.0617,5,True
2017-04-10,1.6122,0.062,5,True
2017-04-11,1.6612,0.0602,5,True
2017-04-12,2.109,0.0474,4,True
2017-04-13,1.7528,0.0571,5,True
2017-04-14,2.0414,0.049,3,True
2017-04-17,1.6202,0.0617,3,True
2017-04-18,1.3913,0.0719,2,True
2017-04-19,1.4016,0.0713,2,True
2017-04-21,1.4617,0.0684,2,True
2017-04-24,1.5074,0.0663,2,True
2017-04-25,1.5149,0.066,2,True
2017-04-26,1.552,0.0644,2,True
2017-04-27,1.5778,0.0634,2,True
2017-04-28,1.5714,0.0636,2,True
2017-05-02,1.8681,0.0535,3,True
2017-05-03,1.6619,0.0602,2,True
2017-05-04,1.4372,0.0696,2,True
2017-05-05,1.4783,0.0676,2,True
2017-05-08,1.4137,0.0707,2,True
2017-05-09,1.4478,0.0691,2,True
2017-05-10,1.4624,0.0684,2,True
2017-05-11,1.5083,0.0663,2,True
2017-05-12,1.5217,0.0657,2,True
2017-05-15,0.7812,0.128,1,True
2017-05-16,1.5355,0.0651,2,True
2017-05-17,1.5814,0.0632,2,True
2017-05-19,1.5269,0.0655,2,True
2017-05-22,1.5121,0.0661,2,True
2017-05-23,1.4556,0.0687,2,True
2017-05-24,0.717,0.1395,1,True
2017-05-26,1.4338,0.0697,3,True
2017-06-01,1.4829,0.0674,3,True
2017-06-02,0.704,0.142,1,True
2017-06-05,1.2591,0.0794,2,True
2017-06-06,1.2957,0.0772,2,True
2017-06-07,1.6113,0.0621,3,True
2017-06-08,1.2162,0.0822,2,True
2017-06-09,1.248,0.0801,2,True
2017-06-12,1.1766,0.085,2,True
2017-06-13,1.1854,0.0844,2,True
2017-06-21,1.2798,0.0781,3,True
2017-06-22,1.1883,0.0842,2,True
2017-06-23,1.207,0.0828,2,True
2017-06-27,1.7798,0.0562,3,True
2017-06-29,1.534,0.0652,3,True
2017-06-30,1.7802,0.0562,2,True
2017-07-03,1.4663,0.0682,3,True
2017-07-04,1.4506,0.0689,3,True
2017-07-05,1.4496,0.069,3,True
2017-07-06,1.4846,0.0674,3,True
2017-07-07,1.5251,0.0656,3,True
2017-07-10,1.4458,0.0692,3,True
2017-07-11,1.8613,0.0537,2,True
2017-07-12,1.8445,0.0542,2,True
2017-07-13,1.8302,0.0546,2,True
2017-07-14,1.4986,0.0667,3,True
2017-07-17,1.5224,0.0657,3,True
2017-07-18,1.5681,0.0638,3,True
2017-07-19,1.4176,0.0705,3,True
2017-07-20,1.4527,0.0688,3,True
2017-07-21,1.4724,0.0679,3,True
2017-07-24,1.5697,0.0637,2,True
2017-07-25,1.5442,0.0648,2,True
2017-07-26,1.5663,0.0638,3,True
2017-07-27,0.8107,0.1234,1,True
2017-07-28,0.8338,0.1199,1,True
2017-07-31,0.8579,0.1166,1,True
2017-08-01,1.7037,0.0587,2,True
2017-08-02,1.7535,0.057,2,True
2017-08-03,1.6763,0.0597,2,True
2017-08-04,1.6952,0.059,2,True
2017-08-11,1.4579,0.0686,2,False
2017-08-14,1.4355,0.0697,2,False
2017-08-15,1.2927,0.0774,3,False
2017-08-18,1.633,0.0612,2,True
2017-08-21,1.4666,0.0682,2,False
2017-08-22,1.443,0.0693,3,False
2017-08-23,1.9399,0.0515,4,False
2017-08-24,1.929,0.0518,4,False
2017-08-25,1.8775,0.0533,4,False
2017-08-28,1.9122,0.0523,4,False
2017-08-29,1.971,0.0507,4,False
2017-08-30,1.2598,0.0794,4,False
2017-08-31,1.2945,0.0772,4,False
2017-09-01,1.6308,0.0613,5,False
2017-09-04,1.6648,0.0601,5,False
2017-09-05,1.7139,0.0583,5,False
2017-09-06,1.6075,0.0622,4,False
2017-09-07,1.5822,0.0632,4,False
2017-09-08,1.6234,0.0616,4,False
2017-09-11,1.6737,0.0597,4,False
2017-09-12,1.6834,0.0594,4,False
2017-09-13,1.7363,0.0576,4,False
2017-09-14,1.7463,0.0573,4,False
2017-09-15,1.8011,0.0555,4,False
2017-09-18,1.8435,0.0542,4,False
2017-09-19,1.7999,0.0556,4,False
2017-09-20,1.8348,0.0545,4,False
2017-09-21,1.4258,0.0701,3,False
2017-09-22,1.4546,0.0687,3,False
2017-09-25,1.4228,0.0703,3,False
2017-09-26,1.7587,0.0569,4,False
2017-09-27,1.8122,0.0552,4,False
2017-09-28,1.545,0.0647,3,False
2017-09-29,1.837,0.0544,4,False
2017-10-09,1.9999,0.05,5,False
2017-10-10,2.017,0.0496,5,False
2017-10-11,1.6445,0.0608,4,False
2017-10-12,1.2614,0.0793,3,False
2017-10-13,1.2737,0.0785,3,False
2017-10-16,1.6527,0.0605,4,False
2017-10-17,1.6855,0.0593,4,False
2017-10-18,1.2644,0.0791,3,False
2017-10-19,1.299,0.077,3,False
2017-10-20,1.3289,0.0752,3,False
2017-10-23,1.3543,0.0738,3,False
2017-10-24,1.396,0.0716,3,False
2017-10-25,1.4345,0.0697,3,False
2017-10-26,1.4792,0.0676,3,False
2017-10-27,1.517,0.0659,3,False
2017-10-30,1.5417,0.0649,3,False
2017-10-31,1.5872,0.063,3,False
2017-11-01,1.6316,0.0613,3,False
2017-11-02,1.924,0.052,2,False
2017-11-03,1.9551,0.0511,2,False
2017-11-06,1.9072,0.0524,2,False
2017-11-07,1.8768,0.0533,2,False
2017-11-08,1.9108,0.0523,2,True
2017-11-09,1.9095,0.0524,2,True
2017-11-10,1.9644,0.0509,2,True
2017-11-13,1.5434,0.0648,3,True
2017-11-14,1.9262,0.0519,2,True
2017-11-15,1.6561,0.0604,2,True
2017-11-16,1.6992,0.0589,2,True
2017-11-17,1.6586,0.0603,2,True
2017-11-20,1.7106,0.0585,2,True
2017-11-21,1.514,0.0661,2,True
2017-11-22,1.5555,0.0643,2,True
2017-11-29,1.6433,0.0609,3,True
2017-12-20,1.3248,0.0755,3,True
2017-12-21,1.3631,0.0734,3,True
2017-12-22,1.4037,0.0712,3,True
2017-12-25,1.4274,0.0701,3,True
2017-12-26,1.4718,0.0679,3,True
2017-12-27,1.4629,0.0684,2,True
2017-12-28,1.3574,0.0737,3,True
2017-12-29,2.0901,0.0478,3,True
2018-01-02,1.7995,0.0556,4,True
2018-01-03,1.738,0.0575,4,True
2018-01-04,1.4156,0.0706,3,True
2018-01-05,1.4598,0.0685,3,True
2018-01-08,1.8721,0.0534,4,True
2018-01-09,1.9015,0.0526,4,True
2018-01-10,1.9592,0.051,4,True
2018-01-11,2.0099,0.0498,4,True
2018-01-12,1.7939,0.0557,4,True
2018-01-15,1.838,0.0544,4,True
2018-01-16,1.8932,0.0528,4,True
2018-01-17,1.867,0.0536,4,True
2018-01-18,1.9197,0.0521,4,True
2018-01-19,1.9724,0.0507,4,True
2018-01-22,1.6463,0.0607,5,True
2018-01-23,2.0505,0.0488,4,True
2018-01-24,1.5704,0.0637,5,True
2018-01-25,1.5676,0.0638,5,True
2018-01-26,1.6166,0.0619,5,True
2018-01-29,1.56,0.0641,5,True
2018-01-30,1.4381,0.0695,5,True
2018-01-31,1.8173,0.055,4,True
2018-02-01,1.834,0.0545,4,True
2018-02-02,1.8904,0.0529,4,True
2018-02-05,1.5705,0.0637,4,True
2018-02-06,1.6777,0.0596,3,True
2018-02-07,2.0974,0.0477,2,True
2018-02-08,2.1512,0.0465,2,True
2018-02-09,2.0872,0.0479,2,True
2018-02-12,2.1431,0.0467,2,True
2018-02-13,2.1549,0.0464,2,True
2018-02-14,2.1032,0.0475,2,False
2018-02-22,1.9651,0.0509,2,False
2018-02-23,2.0156,0.0496,2,False
2018-02-26,0.8416,0.1188,4,False
2018-02-28,0.7454,0.1341,4,False
2018-03-01,0.56,0.1786,3,False
2018-03-02,0.5647,0.1771,3,False
2018-03-05,0.578,0.173,3,False
2018-03-06,0.594,0.1684,3,False
2018-03-07,0.7767,0.1288,2,False
2018-03-08,0.7967,0.1255,2,False
2018-03-09,0.6074,0.1646,3,False
2018-03-12,0.6127,0.1632,3,False
2018-03-13,0.6283,0.1592,3,False
2018-03-14,0.6234,0.1604,3,False
2018-03-15,0.6425,0.1556,3,False
2018-03-16,0.6548,0.1527,3,False
2018-03-19,0.6743,0.1483,3,False
2018-03-20,0.7473,0.1338,2,False
2018-03-21,0.7206,0.1388,2,False
2018-03-22,0.7399,0.1352,2,False
2018-03-23,7.1255,0.014,1,False
2018-03-26,0.575,0.1739,2,False
2018-03-27,0.5492,0.1821,2,False
2018-03-28,0.5646,0.1771,2,False
2018-03-29,0.5824,0.1717,2,False
2018-03-30,0.5701,0.1754,2,False
2018-04-02,0.5869,0.1704,2,False
2018-04-03,0.5956,0.1679,2,False
2018-04-04,0.5976,0.1673,2,False
2018-04-09,0.616,0.1623,2,False
2018-04-11,0.5964,0.1677,3,False
2018-04-12,0.8517,0.1174,4,False
2018-04-23,0.6712,0.149,2,False
2018-04-24,0.633,0.158,2,False
2018-04-25,0.651,0.1536,2,False
2018-05-02,0.6748,0.1482,2,False
2018-05-03,0.6816,0.1467,2,False
2018-05-04,0.6964,0.1436,2,False
2018-05-07,0.6912,0.1447,2,False
2018-05-08,0.7129,0.1403,2,False
2018-05-09,4.5093,0.0222,1,False
2018-05-10,4.6505,0.0215,1,False
2018-05-11,4.7749,0.0209,1,False
2018-05-14,4.9242,0.0203,1,False
2018-05-15,0.7795,0.1283,2,False
2018-05-16,0.7988,0.1252,2,False
2018-05-17,5.3623,0.0186,1,False
2018-05-21,0.8519,0.1174,3,False
2018-05-25,1.1866,0.0843,2,False
2018-05-29,1.2565,0.0796,2,False
2018-05-30,1.267,0.0789,2,False
2018-05-31,1.2509,0.0799,2,False
2018-06-01,1.2795,0.0782,2,False
2018-06-04,1.2107,0.0826,2,False
2018-06-05,1.2224,0.0818,2,False
2018-06-06,1.2606,0.0793,2,False
2018-06-07,1.2923,0.0774,2,False
2018-06-08,1.2231,0.0818,2,False
2018-06-11,1.2306,0.0813,2,False
2018-06-12,0.7064,0.1416,2,False
2018-06-14,0.7385,0.1354,2,False
2018-06-15,0.6494,0.154,1,False
2018-06-19,1.2618,0.0793,2,False
2018-06-20,1.2952,0.0772,2,False
2018-06-21,1.2416,0.0805,2,False
2018-06-22,1.2469,0.0802,2,False
2018-06-25,1.2594,0.0794,2,False
2018-06-26,1.1842,0.0844,2,False
2018-06-27,1.1943,0.0837,2,False
2018-06-28,0.5969,0.1675,1,False
2018-07-11,1.3318,0.0751,3,True
2018-07-12,1.372,0.0729,3,True
2018-07-13,1.4065,0.0711,3,True
2018-07-16,1.4361,0.0696,3,True
2018-07-17,1.436,0.0696,3,True
2018-07-23,1.6082,0.0622,3,True
2018-07-30,1.8094,0.0553,3,False
2018-07-31,1.6103,0.0621,3,False
2018-08-01,1.5994,0.0625,3,False
2018-08-13,1.4006,0.0714,3,False
2018-08-17,0.4861,0.2057,1,False
2018-08-23,0.5289,0.1891,1,True
2018-09-03,1.1953,0.0837,2,True
2018-09-04,1.2327,0.0811,2,True
2018-09-05,1.2336,0.0811,2,True
2018-09-07,1.1765,0.085,2,True
2018-09-10,0.6098,0.164,1,True
2018-09-11,1.2103,0.0826,2,True
2018-09-12,0.6262,0.1597,1,True
2018-09-13,0.6233,0.1604,1,True
2018-09-14,0.6266,0.1596,1,True
2018-09-17,0.6399,0.1563,1,True
2018-09-18,0.6228,0.1606,1,True
2018-09-19,0.6286,0.1591,1,True
2018-09-20,0.6473,0.1545,1,True
2018-09-21,0.6457,0.1549,1,True
2018-09-25,0.6609,0.1513,1,True
2018-09-26,0.6745,0.1482,1,True
2018-09-27,0.7611,0.1314,2,False
2018-09-28,0.752,0.133,2,False
2018-10-08,0.7338,0.1363,2,False
2018-10-11,2.4674,0.0405,2,False
2018-10-12,2.1056,0.0475,2,False
2018-10-15,2.0347,0.0491,2,False
2018-10-16,2.0875,0.0479,2,False
2018-10-17,2.1194,0.0472,2,False
2018-10-18,2.1825,0.0458,2,False
2018-10-19,2.2346,0.0448,2,False
2018-10-22,0.8663,0.1154,3,False
2018-10-23,2.2924,0.0436,2,False
2018-10-24,2.3601,0.0424,2,False
2018-10-25,2.4173,0.0414,2,False
2018-10-26,2.473,0.0404,2,False
2018-10-29,2.5216,0.0397,2,False
2018-10-30,2.5481,0.0392,2,False
2018-10-31,2.38,0.042,2,False
2018-11-01,2.4429,0.0409,2,False
2018-11-02,2.5022,0.04,2,False
2018-11-05,2.578,0.0388,2,False
2018-11-06,2.6564,0.0376,2,False
2018-11-07,2.7363,0.0365,2,False
2018-11-08,2.7686,0.0361,2,False
2018-11-09,2.8059,0.0356,2,False
2018-11-12,2.7548,0.0363,2,False
2018-11-14,2.8413,0.0352,2,False
2018-11-15,0.6853,0.1459,4,False
2018-11-16,0.7068,0.1415,4,False
2018-11-19,0.7287,0.1372,4,False
2018-11-20,2.8547,0.035,2,False
2018-11-21,2.9427,0.034,2,False
2018-11-22,3.034,0.033,2,False
2018-11-23,3.0182,0.0331,2,False
2018-11-26,3.0911,0.0324,2,False
2018-11-27,3.1668,0.0316,2,False
2018-11-28,3.1397,0.0319,2,False
2018-11-29,2.9274,0.0342,2,False
2018-11-30,3.0192,0.0331,2,False
2018-12-05,0.7789,0.1284,4,False
2018-12-06,0.7611,0.1314,4,False
2018-12-07,0.7843,0.1275,4,False
2018-12-10,0.8081,0.1237,4,False
2018-12-11,0.8282,0.1207,4,False
2018-12-12,0.854,0.1171,4,False
2018-12-13,0.8666,0.1154,4,False
2018-12-14,2.7824,0.0359,2,False
2018-12-19,2.8678,0.0349,2,False
2018-12-20,1.2057,0.0829,3,False
2018-12-21,1.2399,0.0807,3,False
2018-12-24,1.2427,0.0805,3,False
2018-12-25,1.2818,0.078,3,False
2018-12-26,2.858,0.035,2,False
2018-12-27,2.8371,0.0352,2,False
2018-12-28,2.5914,0.0386,2,False
2019-01-02,2.6692,0.0375,2,False
2019-01-03,2.4813,0.0403,2,False
2019-01-04,2.4557,0.0407,2,False
2019-01-07,2.4494,0.0408,2,False
2019-01-08,2.4086,0.0415,2,False
2019-01-09,2.4084,0.0415,2,True
2019-01-10,2.482,0.0403,2,True
2019-01-11,2.3865,0.0419,2,True
2019-01-14,2.4593,0.0407,2,True
2019-01-15,2.5177,0.0397,2,True
2019-01-16,2.5939,0.0386,2,True
2019-01-17,2.6545,0.0377,2,True
2019-01-18,1.193,0.0838,3,True
2019-01-21,1.2303,0.0813,3,True
2019-01-22,2.7838,0.0359,2,True
2019-01-23,2.8703,0.0348,2,True
2019-01-24,2.9577,0.0338,2,True
2019-01-25,3.0404,0.0329,2,True
2019-01-28,2.781,0.036,2,True
2019-01-29,2.8215,0.0354,2,True
2019-01-30,2.8735,0.0348,2,True
2019-01-31,2.9394,0.034,2,True
2019-02-01,1.2395,0.0807,4,True
2019-02-11,1.8037,0.0554,3,True
2019-02-25,0.7394,0.1352,5,True
2019-02-26,0.7197,0.139,5,True
2019-02-27,0.7296,0.1371,5,False
2019-02-28,0.7484,0.1336,5,False
2019-03-01,0.7567,0.1322,5,False
2019-03-04,0.4483,0.2231,3,False
2019-03-05,0.6159,0.1624,4,False
2019-03-06,0.4732,0.2113,3,False
2019-03-07,0.4687,0.2133,3,False
2019-03-08,0.4273,0.234,3,False
2019-03-11,0.4223,0.2368,3,False
2019-03-12,0.4279,0.2337,3,False
2019-03-13,0.4118,0.2428,3,False
2019-03-14,0.578,0.173,4,False
2019-03-15,0.5956,0.1679,4,False
2019-03-18,0.588,0.1701,4,False
2019-03-19,0.6046,0.1654,4,False
2019-03-20,0.6153,0.1625,4,False
2019-03-21,0.6343,0.1576,4,False
2019-03-22,0.8232,0.1215,5,False
2019-03-25,0.767,0.1304,5,False
2019-03-26,0.7741,0.1292,5,False
2019-03-27,0.7946,0.1258,5,False
2019-03-28,0.8066,0.124,5,False
2019-03-29,0.5692,0.1757,4,False
2019-04-01,0.547,0.1828,4,False
2019-04-02,0.5612,0.1782,4,False
2019-04-03,0.4273,0.234,3,False
2019-04-04,0.4407,0.2269,3,False
2019-04-08,0.4441,0.2252,3,False
2019-04-09,0.4579,0.2184,3,False
2019-04-10,0.4694,0.213,3,False
2019-04-11,0.4679,0.2137,3,False
2019-04-12,0.4817,0.2076,3,False
2019-04-15,0.4896,0.2042,3,False
2019-04-16,0.4808,0.208,3,False
2019-04-17,0.4959,0.2017,3,False
2019-04-18,0.5067,0.1973,3,False
2019-04-19,0.5183,0.1929,3,False
2019-04-22,0.5115,0.1955,3,False
2019-04-23,0.5268,0.1898,3,False
2019-04-24,0.5292,0.189,3,False
2019-04-25,0.5157,0.1939,3,False
2019-04-26,0.5285,0.1892,3,False
2019-04-29,0.6676,0.1498,2,False
2019-05-06,1.2175,0.0821,2,False
2019-05-07,1.2388,0.0807,2,False
2019-05-08,1.1968,0.0836,2,False
2019-05-09,0.5577,0.1793,1,False
2019-05-10,0.5752,0.1739,1,False
2019-05-13,1.933,0.0517,3,False
2019-05-14,1.9163,0.0522,3,False
2019-05-15,1.9433,0.0515,3,False
2019-05-16,1.9208,0.0521,3,False
2019-05-17,1.9237,0.052,3,False
2019-05-20,1.8768,0.0533,3,False
2019-05-22,1.3006,0.0769,2,False
2019-05-23,0.5926,0.1688,1,False
2019-05-24,1.3572,0.0737,2,False
2019-05-27,1.3891,0.072,2,False
2019-05-28,1.4321,0.0698,2,False
2019-05-29,1.4468,0.0691,2,False
2019-05-30,2.7313,0.0366,2,False
2019-05-31,2.4169,0.0414,2,False
2019-06-03,2.1983,0.0455,2,False
2019-06-04,2.1396,0.0467,2,False
2019-06-05,2.1718,0.046,2,False
2019-06-06,2.213,0.0452,2,False
2019-06-10,1.5101,0.0662,3,False
2019-06-11,1.5572,0.0642,3,False
2019-06-12,1.6055,0.0623,3,False
2019-06-13,1.6497,0.0606,3,False
2019-06-14,1.5906,0.0629,3,False
2019-06-17,1.5701,0.0637,3,False
2019-06-18,1.5915,0.0628,3,False
2019-06-19,1.6377,0.0611,3,False
2019-06-20,1.4566,0.0687,3,False
2019-06-21,1.5024,0.0666,3,False
2019-06-24,1.544,0.0648,3,False
2019-06-25,1.4077,0.071,2,False
2019-06-26,1.2224,0.0818,2,False
2019-06-27,1.2472,0.0802,2,False
2019-06-28,1.2864,0.0777,2,False
2019-07-10,1.1919,0.0839,4,False
2019-08-06,1.2096,0.0827,4,False
2019-08-07,1.2139,0.0824,4,False
2019-08-13,1.2654,0.079,4,False
2019-08-14,1.2977,0.0771,4,False
2019-08-15,1.3382,0.0747,4,False
2019-08-16,1.3776,0.0726,4,False
2019-08-21,1.2828,0.078,4,False
2019-08-22,1.3179,0.0759,4,False
2019-08-23,1.3578,0.0736,4,False
2019-08-26,1.4004,0.0714,4,False
2019-08-27,1.38,0.0725,4,False
2019-08-28,1.4139,0.0707,4,False
2019-08-29,1.3306,0.0752,3,False
2019-08-30,1.3033,0.0767,5,False
2019-09-02,1.2989,0.077,5,False
2019-09-03,1.3388,0.0747,5,False
2019-09-04,1.3449,0.0744,5,False
2019-09-05,1.3437,0.0744,5,False
2019-09-06,1.3569,0.0737,5,False
2019-09-09,1.3556,0.0738,5,False
2019-09-10,1.2678,0.0789,5,False
2019-09-11,1.2676,0.0789,5,False
2019-09-12,1.289,0.0776,5,False
2019-09-16,1.3061,0.0766,5,False
2019-09-17,1.2172,0.0822,5,False
2019-09-18,1.2509,0.0799,5,False
2019-09-19,1.2789,0.0782,5,False
2019-09-20,1.3191,0.0758,5,False
2019-09-23,1.3317,0.0751,5,False
2019-09-24,1.3704,0.073,5,False
2019-09-25,1.2661,0.079,4,False
2019-09-26,1.243,0.0804,5,False
2019-09-27,1.2779,0.0783,5,False
2019-09-30,1.2611,0.0793,5,False
2019-10-09,1.3361,0.0748,5,False
2019-10-10,1.299,0.077,5,False
2019-10-14,0.7694,0.13,3,False
2019-10-15,0.7849,0.1274,3,False
2019-10-16,0.8096,0.1235,3,False
2019-10-17,0.835,0.1198,3,False
2019-10-18,0.8378,0.1194,3,False
2019-10-21,0.8617,0.116,3,False
2019-10-22,0.8557,0.1169,3,False
2019-10-23,0.8373,0.1194,3,False
2019-10-24,0.8594,0.1164,3,False
2019-10-28,0.8278,0.1208,3,False
2019-10-29,0.8448,0.1184,3,False
2019-10-30,0.8523,0.1173,3,False
2019-11-01,0.8542,0.1171,3,False
2019-11-05,1.1887,0.0841,4,False
2019-11-06,1.1915,0.0839,4,False
2019-11-14,2.029,0.0493,2,False
2019-11-15,2.0727,0.0482,2,False
2019-11-18,1.3291,0.0752,4,False
2019-11-19,1.2134,0.0824,4,False
2019-11-20,1.3058,0.0766,3,False
2019-11-21,1.3277,0.0753,3,False
2019-11-22,2.1756,0.046,2,False
2019-11-25,2.2154,0.0451,2,False
2019-11-26,1.6314,0.0613,3,False
2019-11-27,1.2336,0.0811,4,False
2019-11-28,1.2717,0.0786,4,False
2019-11-29,1.2754,0.0784,4,False
2019-12-02,1.2946,0.0772,4,False
2019-12-03,1.3336,0.075,4,False
2019-12-04,1.413,0.0708,3,False
2019-12-05,1.3206,0.0757,3,False
2019-12-06,1.3576,0.0737,3,False
2019-12-09,1.3999,0.0714,3,False
2019-12-10,1.4438,0.0693,3,False
2019-12-11,1.4378,0.0696,3,False
2019-12-12,1.4683,0.0681,3,False
2019-12-13,1.1971,0.0835,4,False
2019-12-16,1.2091,0.0827,4,False
2019-12-20,1.2071,0.0828,4,False
2019-12-23,1.3082,0.0764,3,False
2019-12-26,1.3152,0.076,3,False
2019-12-27,1.3356,0.0749,3,False
2019-12-30,1.2045,0.083,4,False
2019-12-31,1.5593,0.0641,5,False
2020-01-02,1.499,0.0667,5,False
2020-01-03,1.5417,0.0649,5,False
2020-01-06,1.5794,0.0633,5,False
2020-01-07,1.5778,0.0634,5,False
2020-01-08,1.527,0.0655,5,False
2020-01-09,1.5534,0.0644,5,False
2020-01-10,1.5865,0.063,5,False
2020-01-13,1.6115,0.0621,5,False
2020-01-14,1.5992,0.0625,5,False
2020-01-15,1.6405,0.061,5,False
2020-01-16,1.6918,0.0591,5,False
2020-01-17,1.7419,0.0574,5,False
2020-01-20,1.7921,0.0558,5,False
2020-01-21,1.7059,0.0586,5,False
2020-01-22,1.749,0.0572,5,False
2020-01-23,1.4944,0.0669,5,False
2020-02-04,0.7974,0.1254,4,False
2020-02-05,0.7443,0.1344,4,False
2020-02-06,0.7315,0.1367,4,False
2020-02-07,0.7538,0.1327,4,False
2020-02-10,0.7757,0.1289,4,False
2020-02-11,0.7958,0.1257,4,False
2020-02-12,0.61,0.1639,5,False
2020-02-13,0.6227,0.1606,5,False
2020-02-14,0.6196,0.1614,5,False
2020-02-17,0.6268,0.1595,5,False
2020-02-18,0.6313,0.1584,5,False
2020-02-19,0.7455,0.1341,4,False
2020-02-20,0.6503,0.1538,5,False
2020-02-21,0.6707,0.1491,5,False
2020-02-24,0.684,0.1462,5,False
2020-02-25,0.7051,0.1418,5,False
2020-02-26,0.6682,0.1497,5,False
2020-02-27,0.6865,0.1457,5,False
2020-02-28,0.5798,0.1725,4,False
2020-03-02,0.5249,0.1905,5,False
2020-03-03,0.5918,0.169,4,False
2020-03-04,0.5541,0.1805,5,False
2020-03-05,0.5654,0.1769,5,False
2020-03-06,0.6434,0.1554,4,False
2020-03-09,0.5258,0.1902,4,False
2020-03-10,0.5206,0.1921,4,False
2020-03-11,0.523,0.1912,4,False
2020-03-12,0.7156,0.1398,3,False
2020-03-13,0.6832,0.1464,3,False
2020-03-16,2.1638,0.0462,1,False
2020-03-17,2.1828,0.0458,1,False
2020-03-18,2.2513,0.0444,1,False
2020-03-19,2.2609,0.0442,1,False
2020-03-20,2.3009,0.0435,1,False
2020-03-23,2.1789,0.0459,1,False
2020-03-24,0.5618,0.178,2,False
2020-03-25,0.5714,0.175,2,False
2020-03-26,0.5891,0.1697,2,False
2020-03-27,0.4699,0.2128,4,False
2020-03-30,0.6182,0.1618,2,False
2020-03-31,0.6376,0.1568,2,False
2020-04-01,0.6445,0.1552,2,False
2020-04-02,0.6645,0.1505,2,False
2020-04-03,0.6823,0.1466,2,False
2020-04-07,0.6491,0.1541,2,False
2020-04-08,0.6654,0.1503,2,False
2020-04-09,0.6863,0.1457,2,False
2020-04-10,0.7078,0.1413,2,False
2020-04-13,0.7298,0.137,2,False
2020-04-14,0.7469,0.1339,2,False
2020-04-15,0.7702,0.1298,2,False
2020-04-16,0.7935,0.126,2,False
2020-04-17,0.7798,0.1282,2,False
2020-04-20,2.6819,0.0373,1,False
2020-04-21,0.8188,0.1221,2,False
2020-04-22,0.8443,0.1184,2,False
2020-04-23,0.8334,0.12,2,False
2020-04-24,0.6588,0.1518,3,False
2020-04-27,0.6693,0.1494,3,False
2020-04-28,0.6875,0.1455,3,False
2020-04-29,0.7009,0.1427,3,False
2020-04-30,0.7228,0.1384,3,False
2020-05-06,0.7422,0.1347,3,False
2020-05-07,0.6638,0.1507,4,False
2020-05-08,0.7777,0.1286,3,False
2020-05-11,0.7644,0.1308,3,False
2020-05-12,0.6906,0.1448,4,False
2020-05-13,0.7067,0.1415,5,False
2020-05-14,0.7144,0.14,5,False
2020-05-15,0.7349,0.1361,5,False
2020-05-18,0.7503,0.1333,5,False
2020-05-19,0.7701,0.1299,5,False
2020-05-20,0.7858,0.1273,5,False
2020-05-21,0.792,0.1263,5,False
2020-05-22,0.7249,0.138,5,False
2020-05-25,0.7388,0.1354,5,False
2020-05-26,0.7189,0.1391,5,False
2020-05-27,0.712,0.1405,5,False
2020-05-28,0.734,0.1362,5,False
2020-05-29,0.7569,0.1321,5,False
2020-06-01,0.7228,0.1384,5,False
2020-06-02,0.5828,0.1716,4,False
2020-06-03,0.5998,0.1667,4,False
2020-06-04,0.6185,0.1617,4,False
2020-06-05,0.6377,0.1568,4,False
2020-06-08,0.6541,0.1529,4,False
2020-06-09,0.6713,0.149,4,False
2020-06-10,0.6918,0.1446,4,False
2020-06-11,0.712,0.1405,4,False
2020-06-12,0.7322,0.1366,4,False
2020-06-15,0.7275,0.1375,4,False
2020-06-16,0.6767,0.1478,4,False
2020-06-17,0.698,0.1433,4,False
2020-06-18,0.7193,0.139,4,False
2020-06-19,0.7269,0.1376,4,False
2020-06-22,0.7481,0.1337,4,False
2020-06-23,0.7623,0.1312,4,False
2020-06-24,0.7851,0.1274,4,False
2020-06-29,0.7681,0.1302,4,False
2020-06-30,0.7676,0.1303,4,False
2020-07-01,0.7871,0.127,4,False
2020-07-02,0.8098,0.1235,4,False
2020-07-03,0.8222,0.1216,4,False
2020-07-06,0.69,0.1449,4,False
2020-07-07,0.7116,0.1405,4,False
2020-07-08,0.7259,0.1378,4,False
2020-07-09,0.7145,0.1399,4,False
2020-07-10,0.7075,0.1413,4,False
2020-07-13,0.6642,0.1506,4,False
2020-07-14,0.6381,0.1567,4,False
2020-07-15,0.6334,0.1579,4,False
2020-07-16,0.4821,0.2074,4,False
2020-07-17,0.4956,0.2018,4,False
2020-07-20,0.5068,0.1973,4,False
2020-07-21,0.5111,0.1957,4,False
2020-07-22,0.5238,0.1909,4,False
2020-07-23,0.5402,0.1851,4,False
2020-07-24,0.4424,0.226,4,False
2020-07-27,0.4535,0.2205,4,False
2020-07-28,0.4663,0.2145,4,False
2020-07-29,0.4652,0.215,4,False
2020-07-30,0.4722,0.2118,4,False
2020-07-31,0.4776,0.2094,4,False
2020-08-03,0.49,0.2041,4,False
2020-08-04,0.5047,0.1982,4,False
2020-08-05,0.5178,0.1931,4,False
2020-08-06,0.5283,0.1893,4,False
2020-08-07,0.5388,0.1856,4,False
2020-08-10,0.5516,0.1813,4,False
2020-08-11,0.5427,0.1843,4,False
2020-08-12,0.4945,0.2022,4,False
2020-08-13,0.5054,0.1978,4,False
2020-08-14,0.5112,0.1956,4,False
2020-08-17,0.5183,0.1929,4,False
2020-08-18,0.5335,0.1875,4,False
2020-08-19,0.5299,0.1887,4,False
2020-08-20,0.5316,0.1881,4,False
2020-08-21,0.5313,0.1882,4,False
2020-08-24,0.5273,0.1896,4,False
2020-08-25,0.5295,0.1888,4,False
2020-08-26,0.5164,0.1937,4,False
2020-08-27,0.4987,0.2005,4,False
2020-08-28,0.4948,0.2021,4,False
2020-08-31,0.5075,0.197,4,False
2020-09-01,0.5234,0.1911,4,False
2020-09-02,0.5373,0.1861,4,False
2020-09-03,0.605,0.1653,3,False
2020-09-04,0.3702,0.2701,2,False
2020-09-07,0.3264,0.3064,2,False
2020-09-08,0.3198,0.3126,2,False
2020-09-09,0.382,0.2618,3,False
2020-09-10,0.3878,0.2578,3,False
2020-09-11,0.3214,0.3112,2,False
2020-09-14,0.3274,0.3055,2,False
2020-09-15,0.3302,0.3028,2,False
2020-09-16,0.3399,0.2942,2,False
2020-09-17,0.2902,0.3446,2,False
2020-09-18,0.2846,0.3514,2,False
2020-09-21,0.2878,0.3474,2,False
2020-09-22,0.1837,0.5445,1,False
2020-09-23,0.1887,0.5299,1,False
2020-09-24,0.1868,0.5354,1,False
2020-09-25,0.1923,0.5199,1,False
2020-09-28,0.1967,0.5084,1,False
2020-09-29,0.2027,0.4934,1,False
2020-09-30,0.209,0.4784,1,False
2020-10-09,0.2131,0.4692,1,False
2020-10-12,0.351,0.2849,3,False
2020-10-13,0.3618,0.2764,3,False
2020-10-14,0.3709,0.2696,3,False
2020-10-15,0.3749,0.2667,3,False
2020-10-16,0.3857,0.2592,3,False
2020-10-19,0.2461,0.4063,1,False
2020-10-20,0.3466,0.2885,2,True
2020-10-21,0.4202,0.238,3,True
2020-10-22,0.4284,0.2334,3,True
2020-10-23,0.4158,0.2405,2,True
2020-10-26,0.2785,0.3591,1,True
2020-10-27,4.6978,0.0213,1,True
2020-10-28,0.7141,0.14,3,True
2020-10-29,0.7249,0.138,3,True
2020-10-30,4.9774,0.0201,1,True
2020-11-02,4.8736,0.0205,1,True
2020-11-03,5.003,0.02,1,True
2020-11-04,5.1361,0.0195,1,True
2020-11-05,0.7394,0.1353,3,True
2020-11-06,1.189,0.0841,2,True
2020-11-09,0.5611,0.1782,4,True
2020-11-10,0.7007,0.1427,3,True
2020-11-11,0.6718,0.1489,3,True
2020-11-12,0.4593,0.2177,2,True
2020-11-13,0.4727,0.2115,2,True
2020-11-16,0.7301,0.137,3,True
2020-11-17,0.4902,0.204,2,True
2020-11-18,0.4992,0.2003,2,True
2020-11-19,0.5076,0.197,2,True
2020-11-20,0.5209,0.192,2,True
2020-11-23,0.5296,0.1888,2,True
2020-11-24,0.5416,0.1846,2,True
2020-11-25,0.5242,0.1908,2,True
2020-11-26,0.5406,0.185,2,True
2020-11-27,0.5471,0.1828,2,True
2020-11-30,0.5642,0.1772,2,True
2020-12-01,0.5214,0.1918,2,True
2020-12-02,0.5357,0.1867,2,True
2020-12-03,0.8309,0.1204,3,True
2020-12-04,1.3121,0.0762,2,True
2020-12-07,1.3006,0.0769,2,True
2020-12-08,1.334,0.075,2,True
2020-12-09,1.3069,0.0765,2,False
2020-12-10,1.3454,0.0743,2,False
2020-12-11,0.589,0.1698,2,False
2020-12-14,0.6629,0.1508,1,False
2020-12-15,0.5983,0.1671,2,False
2020-12-16,0.6171,0.1621,2,False
2020-12-17,0.615,0.1626,2,False
2020-12-18,0.6287,0.1591,2,False
2020-12-21,0.5847,0.171,2,False
2020-12-22,0.819,0.1221,3,False
2020-12-23,0.8469,0.1181,4,False
2020-12-24,0.8677,0.1152,4,False
2020-12-28,0.597,0.1675,2,False
2020-12-29,0.6044,0.1655,2,False
2020-12-30,0.8464,0.1181,3,False
2020-12-31,0.7998,0.125,3,False
2021-01-04,0.7687,0.1301,3,False
2021-01-05,0.8689,0.1151,4,True
2021-01-08,0.7993,0.1251,3,True
2021-01-11,0.7645,0.1308,3,True
2021-01-12,0.7075,0.1414,3,True
2021-01-13,0.703,0.1422,3,True
2021-01-15,0.7018,0.1425,3,True
2021-01-18,0.722,0.1385,3,True
2021-01-21,0.8561,0.1168,5,True
2021-01-26,0.8453,0.1183,5,True
2021-01-28,0.6906,0.1448,4,True
2021-01-29,0.7097,0.1409,4,True
2021-02-01,0.7434,0.1345,5,True
2021-02-02,0.6173,0.162,4,True
2021-02-03,0.6367,0.1571,4,True
2021-02-04,0.6515,0.1535,4,True
2021-02-05,0.6717,0.1489,4,True
2021-02-08,0.8419,0.1188,3,True
2021-02-09,0.6717,0.1489,4,True
2021-02-10,0.668,0.1497,4,True
2021-02-18,0.6573,0.1521,4,True
2021-02-19,0.6766,0.1478,4,True
2021-02-22,0.595,0.1681,4,True
2021-02-23,0.6081,0.1644,4,True
2021-02-24,0.5736,0.1744,4,True
2021-02-25,0.5851,0.1709,4,True
2021-02-26,0.5386,0.1857,3,True
2021-03-01,0.5206,0.1921,3,True
2021-03-02,0.5325,0.1878,4,True
2021-03-03,0.5313,0.1882,3,True
2021-03-04,4.4652,0.0224,1,True
2021-03-05,4.5405,0.022,1,True
2021-03-08,4.6794,0.0214,1,True
2021-03-09,4.6924,0.0213,1,True
2021-03-10,0.7213,0.1386,2,True
2021-03-11,4.9097,0.0204,1,True
2021-03-12,5.064,0.0197,1,True
2021-03-15,0.7799,0.1282,2,True
2021-03-16,0.3939,0.2538,1,True
2021-03-17,0.4061,0.2463,1,True
2021-03-18,0.4163,0.2402,1,True
2021-03-19,0.3747,0.2669,1,True
2021-03-22,0.7552,0.1324,2,True
2021-03-23,0.3896,0.2567,1,True
2021-03-25,5.9928,0.0167,1,True
2021-03-29,6.0314,0.0166,1,True
2021-03-30,5.8424,0.0171,1,True
2021-03-31,6.0224,0.0166,1,True
2021-04-01,0.8586,0.1165,2,True
2021-04-26,1.1953,0.0837,3,True
2021-05-14,0.8389,0.1192,5,False
2021-05-17,0.8165,0.1225,5,False
2021-05-18,0.842,0.1188,5,False
2021-05-19,0.8642,0.1157,5,False
2021-06-17,0.7278,0.1374,3,False
2021-06-18,0.8684,0.1151,4,False
2021-07-02,0.8332,0.12,4,False
2021-07-05,0.8518,0.1174,4,False
2021-07-06,0.8682,0.1152,4,False
2021-07-07,0.8297,0.1205,4,False
2021-07-08,0.853,0.1172,4,False
2021-07-12,0.8395,0.1191,3,False
2021-07-13,0.8473,0.118,4,False
2021-07-15,0.867,0.1153,4,False
2021-07-16,0.8106,0.1234,4,False
2021-07-19,0.836,0.1196,4,False
2021-07-21,0.8447,0.1184,3,False
2021-07-27,1.7348,0.0576,2,False
2021-07-28,0.8399,0.1191,3,False
2021-07-29,0.7419,0.1348,3,False
2021-07-30,0.7379,0.1355,3,False
2021-08-02,0.7248,0.138,3,False
2021-08-03,0.7391,0.1353,3,False
2021-08-04,0.7381,0.1355,3,False
2021-08-05,0.7543,0.1326,3,False
2021-08-06,0.7765,0.1288,3,False
2021-08-09,0.7814,0.128,3,False
2021-08-10,0.8042,0.1244,3,False
2021-08-11,0.8107,0.1234,3,False
2021-08-12,0.8224,0.1216,3,False
2021-08-13,0.8473,0.118,3,False
2021-08-16,0.8673,0.1153,3,False
2021-08-17,1.7074,0.0586,3,False
2021-08-18,1.7428,0.0574,3,False
2021-08-19,1.6059,0.0623,3,False
2021-08-20,1.5995,0.0625,3,False
2021-08-23,1.5923,0.0628,3,False
2021-08-24,1.521,0.0657,3,False
2021-08-25,1.5442,0.0648,3,False
2021-08-26,1.5641,0.0639,3,False
2021-08-27,1.5838,0.0631,3,False
2021-08-30,1.6109,0.0621,3,False
2021-08-31,1.6125,0.062,3,False
2021-09-01,1.6432,0.0609,3,False
2021-09-02,1.6846,0.0594,3,False
2021-09-03,1.7292,0.0578,3,False
2021-09-06,1.7726,0.0564,3,False
2021-09-07,1.8126,0.0552,3,False
2021-09-08,1.6934,0.0591,2,False
2021-09-09,1.7025,0.0587,2,False
2021-09-10,1.7364,0.0576,2,False
2021-09-13,1.7505,0.0571,2,False
2021-09-14,1.7564,0.0569,2,False
2021-09-15,1.8067,0.0553,2,False
2021-09-16,1.8492,0.0541,2,False
2021-09-17,1.8605,0.0537,2,False
2021-09-22,0.5999,0.1667,1,False
2021-09-23,1.2334,0.0811,3,False
2021-09-24,1.2693,0.0788,3,False
2021-09-27,1.2795,0.0782,3,False
2021-09-28,0.679,0.1473,1,False
2021-09-29,6.4237,0.0156,1,False
2021-09-30,6.6132,0.0151,1,False
2021-10-08,6.1671,0.0162,1,False
2021-10-11,0.6816,0.1467,1,False
2021-10-12,1.8564,0.0539,2,False
2021-10-13,1.9148,0.0522,2,False
2021-10-14,1.763,0.0567,2,False
2021-10-15,1.8128,0.0552,2,False
2021-10-19,0.6655,0.1503,1,False
2021-10-20,0.7214,0.1386,3,False
2021-10-21,0.7441,0.1344,3,False
2021-10-22,0.7622,0.1312,3,False
2021-10-25,0.7805,0.1281,3,False
2021-10-26,0.8049,0.1242,3,False
2021-10-27,0.7322,0.1366,1,False
2021-10-29,0.8166,0.1225,3,False
2021-11-01,0.8419,0.1188,3,False
2021-11-04,0.7832,0.1277,2,True
2021-11-05,0.8063,0.124,2,True
2021-11-08,1.2135,0.0824,4,True
2021-11-09,1.2764,0.0783,3,False
2021-11-10,1.2792,0.0782,3,False
2021-11-11,1.597,0.0626,4,False
2021-11-12,1.6381,0.061,4,False
2021-11-15,1.6884,0.0592,4,False
2021-11-16,1.717,0.0582,4,False
2021-11-17,1.7415,0.0574,4,False
2021-11-18,1.7648,0.0567,4,False
2021-11-19,1.5679,0.0638,5,False
2021-11-22,1.5916,0.0628,5,True
2021-11-23,1.2475,0.0802,4,True
2021-11-24,1.4797,0.0676,5,True
2021-11-25,1.5262,0.0655,5,True
2021-11-26,1.5485,0.0646,4,True
2021-11-29,1.5945,0.0627,4,True
2021-11-30,1.6443,0.0608,4,True
2021-12-01,1.6645,0.0601,4,False
2021-12-02,1.2761,0.0784,3,False
2021-12-03,1.3158,0.076,3,False
2021-12-06,1.5992,0.0625,5,False
2021-12-07,1.1911,0.084,3,False
2021-12-14,1.4115,0.0708,5,False
2021-12-17,1.1806,0.0847,4,False
2021-12-24,1.2485,0.0801,4,False
2021-12-27,1.2859,0.0778,4,False
2021-12-29,1.2784,0.0782,4,False
2021-12-30,1.5865,0.063,2,False
2022-01-05,1.6216,0.0617,2,False
2022-01-06,6.889,0.0145,1,False
2022-01-07,7.1004,0.0141,1,False
2022-01-10,7.0944,0.0141,1,False
2022-01-11,7.0062,0.0143,1,False
2022-01-12,7.2258,0.0138,1,False
2022-01-13,7.3928,0.0135,1,False
2022-01-14,6.5883,0.0152,1,False
2022-01-17,6.6819,0.015,1,False
2022-01-18,5.7835,0.0173,1,False
2022-01-19,2.2279,0.0449,2,False
2022-01-20,2.0117,0.0497,2,False
2022-01-21,2.0744,0.0482,2,False
2022-01-24,2.1391,0.0467,2,False
2022-01-25,2.2047,0.0454,2,False
2022-01-26,2.2217,0.045,2,False
2022-01-27,1.7293,0.0578,2,False
2022-01-28,1.7824,0.0561,2,False
2022-02-07,1.7923,0.0558,2,False
2022-02-08,1.7985,0.0556,2,False
2022-02-09,1.8313,0.0546,2,False
2022-02-10,1.8841,0.0531,2,False
2022-02-11,1.8099,0.0553,2,False
2022-02-14,1.6476,0.0607,2,False
2022-02-15,1.6366,0.0611,2,False
2022-02-16,1.5339,0.0652,2,False
2022-02-17,1.535,0.0651,2,False
2022-02-18,1.5489,0.0646,2,False
2022-02-21,1.5752,0.0635,2,False
2022-02-22,1.5477,0.0646,2,False
2022-02-23,1.5442,0.0648,2,False
2022-02-24,1.3651,0.0733,2,False
2022-02-25,1.3178,0.0759,2,False
2022-02-28,1.3387,0.0747,2,False
2022-03-01,1.3751,0.0727,2,False
2022-03-02,1.3543,0.0738,2,False
2022-03-03,1.3869,0.0721,2,False
2022-03-04,1.4294,0.07,2,False
2022-03-07,1.2553,0.0797,2,False
2022-03-09,1.1898,0.084,2,False
2022-03-21,0.5026,0.199,1,False
2022-03-22,0.5149,0.1942,1,False
2022-03-23,0.5227,0.1913,1,False
2022-03-24,0.5255,0.1903,1,False
2022-03-25,0.629,0.159,2,False
2022-03-28,0.6328,0.158,2,False
2022-03-29,0.6462,0.1548,2,False
2022-03-30,0.6648,0.1504,2,False
2022-03-31,0.6763,0.1479,2,False
2022-04-01,0.6933,0.1442,2,False
2022-04-06,0.7035,0.1421,2,False
2022-04-07,0.6357,0.1573,1,False
2022-04-08,0.6548,0.1527,1,False
2022-04-11,1.2883,0.0776,2,False
2022-04-12,1.3182,0.0759,2,False
2022-04-13,1.3538,0.0739,2,False
2022-04-14,1.3954,0.0717,2,False
2022-04-15,1.4389,0.0695,2,False
2022-04-18,1.4788,0.0676,2,False
2022-04-19,1.4739,0.0678,2,False
2022-04-25,1.4386,0.0695,2,True
2022-04-27,1.4851,0.0673,2,True
2022-04-28,1.5307,0.0653,2,True
2022-04-29,1.455,0.0687,2,True
2022-05-06,6.4332,0.0155,1,True
2022-05-09,0.6329,0.158,2,True
2022-05-10,6.0237,0.0166,1,True
2022-05-11,6.0691,0.0165,1,True
2022-05-12,6.2301,0.0161,1,True
2022-05-13,6.3348,0.0158,1,True
2022-05-17,1.5389,0.065,2,True
2022-05-18,6.373,0.0157,1,True
2022-05-19,6.334,0.0158,1,True
2022-05-20,1.5989,0.0625,2,True
2022-05-23,1.6479,0.0607,2,True
2022-05-24,1.6954,0.059,2,True
2022-05-25,1.7453,0.0573,2,True
2022-05-26,6.5981,0.0152,1,True
2022-05-27,1.8259,0.0548,2,True
2022-05-30,1.773,0.0564,2,True
2022-05-31,1.8183,0.055,2,True
2022-06-01,1.8253,0.0548,2,True
2022-06-02,1.8304,0.0546,2,True
2022-06-06,1.8846,0.0531,2,True
2022-06-07,1.9256,0.0519,2,True
2022-06-09,0.5873,0.1703,3,True
2022-06-10,0.5877,0.1702,3,True
2022-06-13,0.5974,0.1674,3,True
2022-06-14,0.6153,0.1625,3,True
2022-06-15,0.6301,0.1587,3,True
2022-06-16,0.6484,0.1542,3,True
2022-06-17,0.6331,0.1579,3,True
2022-06-20,0.6493,0.154,3,True
2022-06-21,0.6655,0.1503,3,True
2022-06-22,0.67,0.1492,3,True
2022-06-23,0.6473,0.1545,3,True
2022-06-24,0.6549,0.1527,3,True
2022-06-27,0.6754,0.1481,3,True
2022-06-28,0.6956,0.1438,3,True
2022-06-29,0.6582,0.1519,3,True
2022-06-30,0.6683,0.1496,3,True
2022-07-01,0.6769,0.1477,3,True
2022-07-04,0.6916,0.1446,3,True
2022-07-05,0.4679,0.2137,2,True
2022-07-06,0.7095,0.1409,3,True
2022-07-07,0.7261,0.1377,3,True
2022-07-08,0.4861,0.2057,2,True
2022-07-11,0.4721,0.2118,2,False
2022-07-12,0.4608,0.217,2,False
2022-07-13,0.47,0.2128,2,False
2022-07-14,0.4735,0.2112,2,False
2022-07-15,0.6952,0.1439,3,False
2022-07-18,0.7395,0.1352,4,False
2022-07-19,0.5448,0.1835,3,False
2022-07-20,0.5434,0.184,3,False
2022-07-21,0.5585,0.179,3,False
2022-07-22,0.7728,0.1294,4,False
2022-07-25,0.7825,0.1278,3,False
2022-07-26,0.8028,0.1246,3,False
2022-07-27,0.8271,0.1209,3,False
2022-07-28,0.8464,0.1181,4,False
2022-08-02,0.8442,0.1184,3,False
2022-08-03,0.8435,0.1185,3,False
2022-08-04,0.8207,0.1218,3,False
2022-08-05,0.8321,0.1202,4,False
2022-08-08,0.8553,0.1169,3,False
2022-08-10,0.8567,0.1167,3,False
2022-08-11,0.7414,0.1349,3,False
2022-08-12,0.8023,0.1246,2,False
2022-08-15,0.7359,0.1359,3,False
2022-08-16,0.753,0.1328,3,False
2022-08-17,0.7747,0.1291,3,False
2022-08-18,0.8243,0.1213,2,False
2022-08-19,0.8501,0.1176,2,False
2022-08-22,0.8292,0.1206,2,False
2022-08-23,0.8192,0.1221,3,False
2022-08-24,0.8321,0.1202,2,False
2022-08-26,0.8688,0.1151,2,False
2022-08-29,0.7308,0.1368,2,False
2022-09-14,2.1389,0.0468,2,False
2022-09-15,2.1721,0.046,2,False
2022-09-16,2.1942,0.0456,2,False
2022-09-19,2.228,0.0449,2,False
2022-09-20,0.864,0.1157,3,False
2022-09-22,2.3787,0.042,2,False
2022-09-23,2.4205,0.0413,2,True
2022-09-26,6.6987,0.0149,1,True
2022-09-27,6.9038,0.0145,1,True
2022-09-28,7.1098,0.0141,1,True
2022-09-29,1.1844,0.0844,1,True
2022-10-10,2.2658,0.0441,2,True
2022-10-11,2.3318,0.0429,2,True
2022-10-12,2.4008,0.0417,2,True
2022-10-13,2.4718,0.0405,2,True
2022-10-14,2.549,0.0392,2,True
2022-10-17,5.5688,0.018,1,True
2022-10-18,1.3414,0.0745,1,True
2022-10-19,1.3691,0.073,1,True
2022-10-20,1.3642,0.0733,1,True
2022-10-21,1.405,0.0712,1,True
2022-10-24,1.1812,0.0847,1,True
2022-10-25,1.2166,0.0822,1,True
2022-10-26,1.2515,0.0799,1,True
2022-10-27,2.419,0.0413,2,True
2022-10-28,2.4881,0.0402,2,True
2022-10-31,2.5326,0.0395,2,True
2022-11-01,2.6105,0.0383,2,True
2022-11-02,1.4163,0.0706,1,True
2022-11-03,2.7486,0.0364,2,True
2022-11-04,1.4781,0.0677,1,False
2022-11-07,1.4097,0.0709,1,False
2022-11-08,1.4507,0.0689,1,False
2022-11-09,0.8305,0.1204,1,False
2022-11-10,0.8335,0.12,1,False
2022-11-11,0.8485,0.1179,1,False
2022-11-14,0.8133,0.123,1,False
2022-11-15,0.8332,0.12,1,False
2022-11-16,0.5267,0.1899,2,False
2022-11-17,0.5694,0.1756,3,False
2022-11-18,0.5861,0.1706,3,False
2022-11-21,0.7095,0.1409,2,False
2022-11-22,0.6998,0.1429,2,False
2022-11-23,0.6214,0.1609,3,False
2022-11-24,0.6377,0.1568,3,False
2022-11-28,0.6366,0.1571,2,False
2022-11-29,0.672,0.1488,4,False
2022-11-30,0.7349,0.1361,3,False
2022-12-01,0.6534,0.153,4,False
2022-12-02,0.673,0.1486,4,False
2022-12-05,0.6932,0.1443,4,False
2022-12-06,0.7098,0.1409,4,False
2022-12-07,0.7314,0.1367,4,False
2022-12-08,0.7893,0.1267,3,False
2022-12-09,0.8082,0.1237,3,False
2022-12-12,0.8106,0.1234,3,False
2022-12-13,0.8285,0.1207,3,False
2022-12-14,0.8301,0.1205,3,False
2022-12-15,0.8371,0.1195,4,False
2022-12-29,1.1916,0.0839,2,False
2022-12-30,1.1962,0.0836,2,False
2023-01-03,1.2324,0.0811,2,False
2023-01-04,1.2658,0.079,2,False
2023-01-09,1.271,0.0787,4,False
2023-01-10,1.2998,0.0769,4,False
2023-01-11,1.3175,0.0759,4,False
2023-01-12,1.3588,0.0736,4,False
2023-01-13,1.3184,0.0758,4,False
2023-01-30,1.4739,0.0678,4,False
2023-01-31,1.3475,0.0742,4,False
2023-02-02,1.3874,0.0721,4,False
2023-02-03,1.1834,0.0845,5,False
2023-02-09,1.1792,0.0848,5,False
2023-02-15,1.1888,0.0841,5,False
2023-02-16,1.225,0.0816,5,False
2023-03-08,1.2057,0.0829,3,False
2023-03-09,1.2415,0.0805,3,False
2023-03-10,1.2335,0.0811,3,False
2023-03-13,1.2431,0.0804,3,False
2023-03-14,1.2805,0.0781,3,False
2023-03-15,1.2577,0.0795,3,False
2023-03-16,1.2751,0.0784,3,False
2023-03-17,1.1967,0.0836,3,False
2023-03-20,1.2062,0.0829,3,False
2023-03-21,1.2403,0.0806,3,False
2023-03-22,1.2749,0.0784,3,False
2023-03-23,1.297,0.0771,3,False
2023-03-24,1.324,0.0755,3,False
2023-03-27,1.3645,0.0733,3,False
2023-03-28,1.355,0.0738,3,False
2023-03-29,1.3976,0.0716,3,False
2023-03-30,1.4192,0.0705,3,False
2023-03-31,1.4429,0.0693,3,False
2023-04-03,1.4799,0.0676,3,False
2023-04-04,1.5814,0.0632,4,False
2023-04-06,1.5308,0.0653,3,False
2023-04-07,1.6335,0.0612,4,False
2023-04-10,1.5267,0.0655,3,False
2023-04-11,1.556,0.0643,3,False
2023-04-12,1.5983,0.0626,3,False
2023-04-13,1.6177,0.0618,3,False
2023-04-14,1.6753,0.0597,4,False
2023-04-17,1.7221,0.0581,4,False
2023-04-18,1.7645,0.0567,4,False
2023-04-19,1.7581,0.0569,4,False
2023-04-20,1.8075,0.0553,4,False
2023-04-21,1.7754,0.0563,3,False
2023-04-24,1.8123,0.0552,3,False
2023-04-25,1.8389,0.0544,3,False
2023-04-26,1.8935,0.0528,3,False
2023-04-27,1.9473,0.0514,3,False
2023-04-28,1.9459,0.0514,3,False
2023-05-04,1.8733,0.0534,3,False
2023-05-05,1.9319,0.0518,3,False
2023-05-08,1.764,0.0567,4,False
2023-05-09,1.7936,0.0558,4,False
2023-05-10,1.8437,0.0542,4,False
2023-05-11,2.107,0.0475,3,False
2023-05-12,2.1335,0.0469,3,False
2023-05-15,1.8124,0.0552,4,False
2023-05-16,1.8521,0.054,4,False
2023-05-17,1.7353,0.0576,4,False
2023-05-18,1.9166,0.0522,4,False
2023-05-19,2.1429,0.0467,3,False
2023-05-22,2.1817,0.0458,3,False
2023-05-23,2.2463,0.0445,3,False
2023-05-24,2.1131,0.0473,3,False
2023-05-25,2.1369,0.0468,3,False
2023-05-26,2.1636,0.0462,3,False
2023-05-29,1.6405,0.061,3,False
2023-05-30,1.6815,0.0595,3,False
2023-05-31,1.7186,0.0582,3,False
2023-06-01,1.7535,0.057,3,False
2023-06-02,1.7739,0.0564,3,False
2023-06-06,1.8139,0.0551,3,False
2023-06-07,1.8708,0.0535,3,False
2023-06-08,1.5108,0.0662,3,False
2023-06-09,1.4313,0.0699,3,False
2023-06-12,1.4608,0.0685,3,False
2023-06-13,1.3872,0.0721,3,False
2023-06-14,1.4051,0.0712,3,False
2023-06-15,1.4168,0.0706,3,False
2023-06-16,1.4467,0.0691,3,False
2023-06-19,1.4778,0.0677,3,False
2023-06-20,1.5194,0.0658,3,False
2023-06-21,1.5634,0.064,3,False
2023-06-26,1.5602,0.0641,3,False
2023-06-27,1.4984,0.0667,3,False
2023-06-28,1.5323,0.0653,3,False
2023-06-29,1.5673,0.0638,3,False
2023-06-30,1.1996,0.0834,2,False
2023-07-03,1.1835,0.0845,2,False
2023-07-04,1.1899,0.084,2,False
2023-07-05,1.2216,0.0819,2,False
2023-07-06,1.2581,0.0795,2,False
2023-07-07,1.2745,0.0785,2,False
2023-07-10,1.7306,0.0578,3,False
2023-07-11,1.286,0.0778,2,False
2023-07-12,1.8304,0.0546,3,False
2023-07-13,1.5999,0.0625,4,False
2023-07-14,1.6486,0.0607,4,False
2023-07-17,1.7915,0.0558,3,False
2023-07-18,1.8087,0.0553,3,False
2023-07-19,1.6572,0.0603,4,False
2023-07-20,1.5584,0.0642,4,False
2023-07-21,1.5138,0.0661,4,False
2023-07-24,1.5549,0.0643,4,False
2023-07-25,1.5655,0.0639,4,False
2023-07-26,1.6144,0.0619,4,False
2023-07-27,1.6554,0.0604,4,False
2023-07-28,1.4246,0.0702,5,False
2023-07-31,1.4304,0.0699,5,False
2023-08-01,1.4681,0.0681,5,False
2023-08-02,1.4388,0.0695,5,False
2023-08-03,1.4816,0.0675,5,False
2023-08-04,1.4981,0.0667,5,False
2023-08-07,1.4726,0.0679,5,False
2023-08-08,1.5134,0.0661,5,False
2023-08-09,1.5553,0.0643,5,False
2023-08-10,1.5948,0.0627,5,False
2023-08-11,1.7516,0.0571,4,False
2023-08-14,1.6188,0.0618,3,False
2023-08-15,1.5002,0.0667,3,False
2023-08-16,1.5128,0.0661,3,False
2023-08-17,1.7308,0.0578,4,False
2023-08-18,2.2015,0.0454,3,False
2023-08-21,1.492,0.067,3,False
2023-08-22,1.4785,0.0676,3,False
2023-08-23,1.5197,0.0658,3,False
2023-08-24,1.3641,0.0733,3,False
2023-08-25,3.2141,0.0311,2,False
2023-08-28,3.303,0.0303,2,False
2023-09-04,1.3072,0.0765,4,False
2023-09-05,1.3389,0.0747,4,False
2023-09-06,1.2786,0.0782,3,False
2023-09-11,1.9636,0.0509,1,False
2023-09-12,2.0196,0.0495,1,False
2023-09-13,3.6978,0.027,2,False
2023-09-18,2.6644,0.0375,2,False
2023-09-19,2.5785,0.0388,2,False
2023-09-20,1.3538,0.0739,1,False
2023-09-21,2.5737,0.0389,2,False
2023-09-22,2.5443,0.0393,2,False
2023-09-25,1.3694,0.073,1,False
2023-09-26,1.4068,0.0711,1,False
2023-10-09,4.433,0.0226,1,False
2023-10-12,0.5968,0.1675,1,False
2023-10-13,0.6094,0.1641,1,False
2023-10-17,0.8559,0.1168,1,False
2023-10-19,0.8587,0.1165,1,False
2023-10-23,0.8447,0.1184,1,False
2023-11-06,2.093,0.0478,2,False
2023-11-07,2.1244,0.0471,2,False
2023-11-08,2.1567,0.0464,2,False
2023-11-09,2.1391,0.0467,2,False
2023-11-10,2.1068,0.0475,2,False
2023-11-14,1.7753,0.0563,3,False
2023-11-15,1.68,0.0595,3,False
2023-11-17,1.7333,0.0577,3,False
2023-11-24,1.1962,0.0836,2,False
2023-11-27,1.217,0.0822,2,False
2023-11-28,1.2548,0.0797,2,False
2023-11-29,1.7567,0.0569,3,False
2023-11-30,1.8087,0.0553,3,False
2023-12-01,1.8502,0.054,3,False
2023-12-04,1.8435,0.0542,3,False
2023-12-05,1.5914,0.0628,3,False
2023-12-06,1.5869,0.063,3,False
2023-12-07,1.5975,0.0626,3,False
2023-12-08,1.5629,0.064,3,False
2023-12-11,1.6111,0.0621,3,False
2023-12-12,1.6474,0.0607,3,False
2023-12-13,1.288,0.0776,2,False
2023-12-14,1.5501,0.0645,3,False
2023-12-15,1.5404,0.0649,3,False
2023-12-18,1.5871,0.063,3,False
2023-12-19,1.6268,0.0615,3,False
2023-12-20,1.669,0.0599,3,False
2023-12-21,1.6225,0.0616,3,False
2023-12-22,1.6483,0.0607,3,False
2023-12-25,1.7001,0.0588,3,False
2023-12-26,1.7334,0.0577,3,False
2023-12-27,1.7827,0.0561,3,False
2023-12-28,1.8265,0.0547,3,False
2023-12-29,1.8498,0.0541,3,False
2024-01-02,1.9045,0.0525,3,True
2024-01-03,1.7673,0.0566,3,True
2024-01-04,1.7885,0.0559,3,True
2024-01-05,1.8323,0.0546,3,True
2024-01-08,1.8884,0.053,3,True
2024-01-09,1.675,0.0597,3,True
2024-01-10,1.7118,0.0584,3,True
2024-01-11,1.7248,0.058,3,True
2024-01-12,1.7754,0.0563,3,True
2024-01-15,1.7873,0.0559,3,True
2024-01-16,1.7701,0.0565,3,True
2024-01-17,1.7589,0.0569,3,True
2024-01-18,1.8114,0.0552,3,True
2024-01-19,1.5851,0.0631,3,True
2024-01-22,1.4682,0.0681,3,True
2024-01-23,1.4853,0.0673,3,True
2024-01-24,1.532,0.0653,3,True
2024-01-25,1.5339,0.0652,3,True
2024-01-26,1.5717,0.0636,3,True
2024-01-30,1.5454,0.0647,3,True
2024-01-31,1.4305,0.0699,3,True
2024-02-01,1.4511,0.0689,3,True
2024-02-02,1.3581,0.0736,3,True
2024-02-05,1.3944,0.0717,3,True
2024-02-06,1.4315,0.0699,3,True
2024-02-07,1.4477,0.0691,3,False
2024-02-08,1.3398,0.0746,3,False
2024-02-19,1.346,0.0743,3,False
2024-02-20,1.602,0.0624,4,False
2024-02-21,1.6511,0.0606,4,False
2024-02-22,1.6179,0.0618,4,False
2024-02-23,1.6556,0.0604,4,False
2024-02-26,1.6181,0.0618,4,False
2024-02-27,1.6634,0.0601,4,False
2024-02-28,1.2599,0.0794,3,False
2024-02-29,1.2941,0.0773,3,False
2024-03-01,1.6579,0.0603,4,False
2024-03-04,1.6314,0.0613,4,False
2024-03-05,1.6711,0.0598,4,False
2024-03-06,1.7147,0.0583,4,False
2024-03-07,1.7609,0.0568,4,False
2024-03-13,1.1773,0.0849,5,False
2024-03-14,1.1905,0.084,5,False
2024-03-15,1.2258,0.0816,5,False
2024-03-18,1.2495,0.08,5,False
2024-03-19,1.238,0.0808,5,False
2024-03-20,1.2769,0.0783,5,False
2024-03-21,1.2807,0.0781,5,False
2024-03-22,1.2323,0.0812,5,False
2024-03-25,1.2109,0.0826,5,False
2024-03-26,1.2411,0.0806,5,False
2024-03-27,1.2006,0.0833,5,False
2024-03-28,1.2238,0.0817,5,False
2024-03-29,1.2278,0.0814,5,False
2024-04-08,1.2088,0.0827,5,False
2024-04-09,1.2427,0.0805,5,False
2024-04-10,1.2377,0.0808,5,False
2024-04-11,1.2375,0.0808,5,False
2024-04-12,1.2447,0.0803,5,False
2024-04-15,1.2772,0.0783,5,False
2024-04-18,1.1766,0.085,5,False
2024-04-19,1.8388,0.0544,3,False
2024-04-22,1.6163,0.0619,3,False
2024-04-24,1.3798,0.0725,3,False
2024-05-10,1.3668,0.0732,4,False
2024-05-13,1.4046,0.0712,4,False
2024-05-14,1.5749,0.0635,3,False
2024-05-15,1.4862,0.0673,4,False
2024-05-16,1.4436,0.0693,4,False
2024-05-17,1.4878,0.0672,4,False
2024-05-20,1.4515,0.0689,4,False
2024-05-21,1.4504,0.0689,4,False
2024-05-22,1.4952,0.0669,4,False
2024-05-23,1.4142,0.0707,4,False
2024-05-24,1.2697,0.0788,4,False
2024-05-27,1.2656,0.079,4,False
2024-05-31,1.227,0.0815,3,False
2024-06-03,1.3859,0.0722,4,False
2024-06-04,1.1909,0.084,5,False
2024-06-06,1.2287,0.0814,5,False
2024-06-07,1.2206,0.0819,5,False
2024-06-11,1.2016,0.0832,4,False
2024-06-12,1.2388,0.0807,4,False
2024-06-13,1.3422,0.0745,2,False
2024-06-14,1.2832,0.0779,4,False
2024-06-17,1.3036,0.0767,3,False
2024-06-18,1.3047,0.0766,3,False
2024-06-19,1.3306,0.0752,4,False
2024-06-20,1.3247,0.0755,3,False
2024-06-21,1.4135,0.0707,5,False
2024-06-24,1.2315,0.0812,3,False
2024-06-25,1.2536,0.0798,3,False
2024-06-26,1.2457,0.0803,2,False
2024-06-27,1.2824,0.078,2,False
2024-06-28,1.251,0.0799,3,False
2024-07-01,1.2843,0.0779,3,False
2024-07-02,1.3247,0.0755,3,False
2024-07-03,1.27,0.0787,3,False
2024-07-04,1.3041,0.0767,3,False
2024-07-05,1.3262,0.0754,3,False
2024-07-08,1.3544,0.0738,3,False
2024-07-09,1.3965,0.0716,3,False
2024-07-10,1.4096,0.0709,3,False
2024-07-11,1.3041,0.0767,2,False
2024-07-12,1.1898,0.084,3,False
2024-07-15,0.8144,0.1228,2,False
2024-07-17,1.1972,0.0835,3,False
2024-08-02,0.8159,0.1226,3,False
2024-08-12,1.2097,0.0827,2,False
2024-08-13,1.2192,0.082,2,False
2024-08-14,1.2534,0.0798,2,False
2024-08-15,1.286,0.0778,2,False
2024-08-16,0.635,0.1575,3,False
2024-08-19,0.6527,0.1532,3,False
2024-08-20,0.6676,0.1498,3,False
2024-08-21,0.6886,0.1452,3,False
2024-08-22,1.4413,0.0694,2,False
2024-08-23,1.4807,0.0675,2,False
2024-08-26,1.5107,0.0662,2,False
2024-08-27,1.5533,0.0644,2,False
2024-08-28,1.5994,0.0625,2,False
2024-08-29,1.6495,0.0606,2,False
2024-08-30,1.6896,0.0592,2,False
2024-09-02,1.727,0.0579,2,False
2024-09-03,1.7746,0.0564,2,False
2024-09-04,1.7749,0.0563,2,False
2024-09-05,1.7729,0.0564,2,False
2024-09-06,1.8228,0.0549,2,False
2024-09-09,5.4503,0.0183,1,False
2024-09-10,5.5879,0.0179,1,False
2024-09-11,5.5976,0.0179,1,False
2024-09-12,1.8665,0.0536,2,False
2024-09-13,1.6946,0.059,2,False
2024-09-18,1.7444,0.0573,2,False
2024-09-19,1.7776,0.0563,2,False
2024-09-26,0.7939,0.126,5,False
2024-09-27,0.5428,0.1842,4,False
2024-09-30,0.3365,0.2972,4,False
2024-10-08,0.2968,0.3369,4,False
2024-10-09,0.2869,0.3486,5,False
2024-10-10,0.2955,0.3384,5,False
2024-10-11,0.2979,0.3357,5,False
2024-10-14,0.3064,0.3264,5,False
2024-10-15,0.3125,0.32,5,False
2024-10-16,0.3204,0.3121,5,False
2024-10-17,0.3301,0.3029,5,False
2024-10-18,0.3296,0.3034,5,False
2024-10-21,0.262,0.3817,4,False
2024-10-22,0.3504,0.2854,5,False
2024-10-23,0.2784,0.3592,4,False
2024-10-24,0.2842,0.3518,4,False
2024-10-25,0.2926,0.3417,4,False
2024-10-28,0.3888,0.2572,5,False
2024-10-29,0.3978,0.2514,5,False
2024-10-30,0.4099,0.244,5,False
2024-10-31,0.4207,0.2377,5,False
2024-11-01,0.429,0.2331,5,False
2024-11-04,0.4407,0.2269,5,False
2024-11-05,0.4455,0.2245,5,False
2024-11-06,0.4595,0.2176,5,False
2024-11-07,0.4668,0.2142,5,False
2024-11-08,0.4795,0.2085,5,False
2024-11-11,0.4923,0.2031,5,False
2024-11-12,0.5008,0.1997,5,False
2024-11-13,0.5165,0.1936,5,False
2024-11-14,0.5035,0.1986,5,False
2024-11-15,0.4986,0.2006,5,False
2024-11-18,0.5111,0.1957,5,False
2024-11-19,0.5159,0.1938,5,False
2024-11-20,0.5315,0.1881,5,False
2024-11-21,0.5482,0.1824,5,False
2024-11-22,0.5499,0.1819,5,False
2024-11-25,0.5659,0.1767,5,False
2024-11-26,0.5794,0.1726,5,False
2024-11-27,0.5811,0.1721,5,False
2024-11-28,0.5904,0.1694,5,False
2024-11-29,1.3387,0.0747,3,False
2024-12-02,1.3781,0.0726,3,False
2024-12-04,1.3321,0.0751,3,False
2024-12-05,0.6683,0.1496,5,False
2024-12-06,0.6853,0.1459,5,False
2024-12-09,0.7064,0.1416,5,False
2024-12-10,0.7281,0.1373,5,False
2024-12-11,0.7507,0.1332,5,False
2024-12-12,0.7543,0.1326,5,False
2024-12-13,0.6189,0.1616,4,False
2024-12-16,1.307,0.0765,2,False
2024-12-17,1.3458,0.0743,2,False
2024-12-18,0.6757,0.148,4,False
2024-12-23,0.7146,0.1399,4,False
2024-12-24,0.7328,0.1365,4,False
2024-12-25,0.7558,0.1323,4,False
2024-12-26,0.779,0.1284,4,False
2024-12-27,0.7999,0.125,4,False
2025-01-03,1.2089,0.0827,3,False
2025-01-06,1.2239,0.0817,3,False
2025-01-07,1.2479,0.0801,3,False
2025-01-08,1.2764,0.0783,3,False
2025-01-09,1.3152,0.076,3,False
2025-01-10,1.3566,0.0737,3,False
2025-01-13,1.2829,0.0779,3,False
2025-01-14,1.3217,0.0757,3,False
2025-01-15,1.3631,0.0734,3,False
2025-01-16,1.2921,0.0774,3,False
2025-01-17,1.329,0.0752,3,False
2025-01-20,1.3643,0.0733,3,False
2025-01-21,1.4065,0.0711,3,False
2025-01-22,1.4117,0.0708,3,False
2025-01-23,1.4225,0.0703,3,False
2025-01-24,1.4661,0.0682,3,False
2025-01-27,1.4174,0.0706,3,False
2025-02-05,1.2411,0.0806,3,False
2025-02-06,1.28,0.0781,3,False
2025-02-07,1.3176,0.0759,3,False
2025-02-10,1.3589,0.0736,3,False
2025-02-11,1.3314,0.0751,2,False
2025-02-12,1.4138,0.0707,3,False
2025-02-13,1.446,0.0692,3,False
2025-02-14,1.481,0.0675,3,False
2025-02-17,1.2289,0.0814,3,False
2025-02-19,0.7438,0.1344,3,False
2025-02-20,0.7077,0.1413,2,False
2025-02-21,0.7677,0.1303,3,False
2025-02-24,0.7807,0.1281,3,False
2025-02-25,0.7365,0.1358,2,False
2025-02-26,0.7592,0.1317,2,False
2025-02-27,0.7682,0.1302,2,False
2025-02-28,0.7056,0.1417,1,False
2025-03-03,0.7277,0.1374,1,False
2025-03-04,0.7376,0.1356,1,False
2025-03-05,0.6872,0.1455,2,False
2025-03-06,0.7361,0.1358,3,False
2025-03-07,0.7434,0.1345,3,False
2025-03-10,0.7662,0.1305,3,False
2025-03-11,0.7892,0.1267,3,False
2025-03-12,0.8126,0.1231,3,False
2025-03-13,0.8334,0.12,3,False
2025-03-14,0.6958,0.1437,3,False
2025-03-17,0.7126,0.1403,3,False
2025-03-18,0.7312,0.1368,3,False
2025-03-19,0.7536,0.1327,3,False
2025-03-20,0.761,0.1314,3,False
2025-03-21,0.7135,0.1401,3,False
2025-03-24,0.7354,0.136,3,False
2025-03-25,0.7577,0.132,3,False
2025-03-26,0.7805,0.1281,3,False
2025-03-27,0.8026,0.1246,3,False
2025-03-28,0.8263,0.121,3,False
2025-03-31,0.8484,0.1179,3,False
2025-04-07,0.5856,0.1708,1,False
2025-04-08,0.5994,0.1668,1,False
2025-04-09,0.6001,0.1666,1,False
2025-04-14,1.187,0.0842,2,False
2025-04-15,1.216,0.0822,2,False
2025-04-18,1.1968,0.0836,2,False
2025-04-21,1.1891,0.0841,2,False
2025-04-23,0.6126,0.1632,2,False
2025-04-24,0.63,0.1587,2,False
2025-04-25,0.645,0.155,2,False
2025-04-28,0.6574,0.1521,2,False
2025-04-29,0.6763,0.1479,2,False
2025-04-30,0.6933,0.1442,2,False
2025-05-06,0.6998,0.1429,2,False
2025-05-07,0.7207,0.1388,2,False
2025-05-08,0.7238,0.1382,2,False
2025-05-09,0.6594,0.1516,3,False
2025-05-12,0.6794,0.1472,3,False
2025-05-13,0.6995,0.143,3,False
2025-05-14,0.7135,0.1402,3,False
2025-05-15,0.6908,0.1448,3,False
2025-05-16,0.7065,0.1415,3,False
2025-05-19,0.7278,0.1374,3,False
2025-05-20,0.7492,0.1335,3,False
2025-05-21,0.7893,0.1267,4,False
2025-05-22,0.7811,0.128,3,False
2025-05-23,0.8044,0.1243,3,False
2025-05-26,0.8296,0.1205,3,False
2025-05-27,0.8532,0.1172,3,False
2025-06-05,0.8581,0.1165,5,False
2025-06-19,0.8434,0.1186,3,False
2025-06-20,0.8671,0.1153,3,False
2025-06-24,0.8594,0.1164,4,False
2025-06-25,0.8311,0.1203,4,False
2025-06-26,0.8534,0.1172,4,False
2025-07-08,1.181,0.0847,5,False
2025-07-09,1.2167,0.0822,4,False
2025-07-10,1.2228,0.0818,5,False
2025-07-11,1.2611,0.0793,5,False
2025-07-14,1.2967,0.0771,5,False
2025-07-15,1.2936,0.0773,5,False
2025-07-21,1.3565,0.0737,5,False
2025-07-22,1.3887,0.072,5,False
2025-07-23,1.4315,0.0699,5,False
2025-07-24,1.4754,0.0678,5,False
2025-07-25,1.4922,0.067,5,False
2025-07-28,1.2584,0.0795,4,False
2025-08-07,1.268,0.0789,4,False
2025-08-08,1.3037,0.0767,4,False
2025-08-13,0.8516,0.1174,3,False
2025-08-14,0.8471,0.1181,3,False
2025-08-15,0.8324,0.1201,3,False
2025-08-19,0.8411,0.1189,3,False
2025-08-20,0.8672,0.1153,3,False
2025-08-21,1.1942,0.0837,4,False
2025-09-04,0.8069,0.1239,4,False
2025-09-05,0.6669,0.1499,4,False
2025-09-08,0.6819,0.1466,4,False
2025-09-09,0.6952,0.1438,4,False
2025-09-10,0.7168,0.1395,4,False
2025-09-11,0.6814,0.1468,4,False
2025-09-12,0.692,0.1445,4,False
2025-09-15,0.7131,0.1402,4,False
2025-09-23,0.7822,0.1278,4,False
2025-09-24,0.8029,0.1245,4,False
2025-09-25,0.8281,0.1208,4,False
2025-09-26,0.7958,0.1257,4,False
2025-09-29,0.7581,0.1319,4,False
2025-09-30,0.7814,0.128,4,False
2025-10-09,0.7078,0.1413,4,False
2025-10-10,0.6116,0.1635,4,False
2025-10-13,0.6259,0.1598,4,False
2025-10-14,0.6054,0.1652,4,False
2025-10-15,0.5909,0.1692,4,False
2025-10-16,0.609,0.1642,4,False
2025-10-17,0.602,0.1661,4,False
2025-10-20,0.6201,0.1613,4,False
2025-10-21,0.5953,0.168,4,False
2025-10-22,0.5776,0.1731,4,False
2025-10-23,0.5922,0.1689,4,False
2025-10-24,0.5934,0.1685,4,False
2025-10-27,0.5945,0.1682,4,False
2025-10-28,0.5843,0.1712,4,False
2025-10-29,0.57,0.1754,4,False
2025-10-30,0.5679,0.1761,4,False
2025-10-31,0.5715,0.175,4,False
2025-11-03,0.5889,0.1698,4,False
2025-11-04,0.5719,0.1748,4,False
2025-11-05,0.5883,0.17,4,False
2025-11-06,0.5808,0.1722,4,False
2025-11-07,0.5936,0.1685,4,False
2025-11-10,0.6093,0.1641,4,False
2025-11-11,0.6265,0.1596,4,False
2025-11-12,0.6459,0.1548,4,False
2025-11-13,0.6432,0.1555,4,False
2025-11-14,0.5812,0.1721,4,False
2025-11-17,0.5812,0.1721,4,False
2025-11-18,0.6223,0.1607,3,False
2025-11-19,0.6334,0.1579,3,False
2025-11-20,0.6364,0.1571,3,False
2025-11-21,0.4924,0.2031,2,False
2025-11-24,0.5063,0.1975,2,False
2025-11-25,0.7311,0.1368,3,False
2025-11-26,0.7487,0.1336,3,False
2025-11-27,0.7717,0.1296,3,False
2025-11-28,0.7888,0.1268,3,False
2025-12-01,0.8131,0.123,3,False
2025-12-02,0.8362,0.1196,3,False
2025-12-03,0.8593,0.1164,3,False
2025-12-05,0.7805,0.1281,5,False
2025-12-08,0.799,0.1252,5,False
2025-12-09,0.7504,0.1333,4,False
2025-12-10,0.7487,0.1336,3,False
2025-12-11,0.7667,0.1304,4,False
2025-12-12,0.7863,0.1272,4,False
2025-12-15,0.7531,0.1328,3,False
2025-12-16,0.8682,0.1152,3,False
2025-12-17,0.7769,0.1287,4,False
2025-12-19,1.2104,0.0826,2,False
2025-12-25,0.8586,0.1165,4,False
2025-12-26,0.6625,0.1509,3,False
2025-12-29,0.6665,0.15,3,False
2025-12-30,0.7029,0.1423,4,False
2025-12-31,0.5494,0.182,1,False
2026-01-05,0.6375,0.1569,4,False
2026-01-06,0.613,0.1631,3,False
2026-01-07,0.6278,0.1593,3,False
2026-01-08,0.6369,0.157,3,False
2026-01-09,0.6514,0.1535,3,False
2026-01-12,0.6435,0.1554,3,False
2026-01-13,0.7135,0.1402,4,False
2026-01-14,0.7355,0.136,4,False
2026-01-15,0.757,0.1321,4,False
2026-01-16,0.7,0.1429,3,False
2026-01-19,0.7783,0.1285,4,False
2026-01-20,0.7921,0.1262,4,False
2026-01-21,0.7101,0.1408,3,False
2026-01-22,0.7324,0.1365,3,False
2026-01-23,0.7387,0.1354,3,False
2026-01-26,0.7554,0.1324,3,False
2026-01-27,0.7792,0.1283,3,False
2026-01-28,0.7868,0.1271,3,False
2026-01-29,0.7246,0.138,3,False
2026-01-30,0.7637,0.1309,4,False
2026-02-02,0.2999,0.3334,2,False
2026-02-03,0.4288,0.2332,3,False
2026-02-04,0.2902,0.3446,2,False
2026-02-05,0.2857,0.3501,2,False
2026-02-06,0.2927,0.3416,2,False
2026-02-09,0.4743,0.2108,4,False
2026-02-10,0.4886,0.2047,4,False
2026-02-11,0.5035,0.1986,4,False
2026-02-12,0.5189,0.1927,4,False
2026-02-13,0.5218,0.1917,4,False
2026-02-24,0.5199,0.1923,4,False
2026-02-25,0.5341,0.1872,4,False
2026-02-26,0.3325,0.3007,2,False
2026-02-27,0.3418,0.2926,2,False
2026-03-02,0.3438,0.2909,2,False
2026-03-03,0.419,0.2387,2,False
2026-03-04,0.4209,0.2376,2,False
2026-03-05,0.4338,0.2305,2,False
2026-03-06,0.5358,0.1866,3,False
2026-03-09,0.4595,0.2176,2,False
2026-03-10,0.4732,0.2113,2,False
2026-03-11,0.5654,0.1769,3,False
2026-03-12,0.5798,0.1725,3,False
2026-03-13,0.5138,0.1946,2,False
2026-03-16,0.5247,0.1906,2,False
2026-03-17,0.541,0.1849,2,False
2026-03-18,0.6301,0.1587,3,False
2026-03-19,0.5161,0.1938,2,False
2026-03-20,0.5217,0.1917,2,False
2026-03-23,10.9731,0.0091,1,False
2026-03-24,11.2243,0.0089,1,False
2026-03-25,0.3835,0.2607,1,False
2026-03-27,6.2219,0.0161,1,False
2026-03-30,6.3162,0.0158,1,False
2026-03-31,6.4898,0.0154,1,False
2026-04-01,6.5623,0.0152,1,False
2026-04-03,6.892,0.0145,1,False
2026-04-07,7.1073,0.0141,1,False
2026-04-08,0.2987,0.3348,1,False
2026-04-09,0.3063,0.3265,1,False
2026-04-10,0.2935,0.3407,1,False
2026-04-13,0.3835,0.2608,2,False
2026-04-14,0.3034,0.3296,1,False
2026-04-15,0.3446,0.2902,2,False
2026-04-16,0.3874,0.2581,3,False
2026-04-17,0.3993,0.2505,3,False
2026-04-20,0.4116,0.2429,3,False
2026-04-21,0.4244,0.2356,3,False
2026-04-22,0.5819,0.1719,4,False
2026-04-23,0.5974,0.1674,4,False
2026-04-24,0.6085,0.1644,4,False
2026-04-27,0.4691,0.2132,3,False
2026-04-28,0.6443,0.1552,4,False
2026-04-29,0.4896,0.2043,3,False
2026-04-30,0.6733,0.1485,4,False
2026-05-06,0.4879,0.2049,3,False
2026-05-07,0.6619,0.1511,4,False
2026-05-08,0.6748,0.1482,4,False
2026-05-11,0.6469,0.1546,4,False
2026-05-12,0.6546,0.1528,4,False
2026-05-13,0.6637,0.1507,4,False
2026-05-14,0.6546,0.1528,4,False
2026-05-15,0.6661,0.1501,4,False
2026-05-18,0.6595,0.1516,4,False
2026-05-19,0.6774,0.1476,4,False
2026-05-20,0.6987,0.1431,4,False
2026-05-21,0.7136,0.1401,5,False
2026-05-22,0.7054,0.1418,5,False
2026-05-25,0.6539,0.1529,4,False
2026-05-26,0.6893,0.1451,5,False
2026-05-27,0.6888,0.1452,4,False
2026-05-28,0.7101,0.1408,4,False
