date,nav,exposure,repo_amount,final_multiplier,circuit_breaker_triggered,drawdown_level,drawdown,n_positions,position_names,defense_active,offense_top,scaling_factor,predicted_vol,defense_count
2024-06-18,1000000.0,1000000.0,0.0,0.7796912791147268,False,normal,0.0,7,沪深300;创业板;纳指;黄金;国债ETF;消费ETF;有色ETF,沪深300;创业板;纳指;黄金;国债ETF,消费ETF;有色ETF,0.7796912791147268,0.12825589137477786,5
2024-06-19,1008012.823295675,1008012.823295675,0.0,0.7892749544726981,False,normal,0.0,8,沪深300;创业板;纳指;黄金;国债ETF;消费ETF;有色ETF;科技ETF,沪深300;创业板;纳指;黄金;国债ETF,消费ETF;有色ETF;科技ETF,0.7892749544726981,0.12669855977731917,5
2024-06-20,996981.0554324083,996981.0554324085,-1.1641532182693481e-10,0.7562724801309296,False,normal,-0.010944074924759907,5,沪深300;创业板;纳指;黄金;国债ETF,沪深300;创业板;纳指;黄金;国债ETF,,0.7562724801309296,0.13222747439214966,5
2024-06-21,1002282.5308162983,1002282.5308162982,1.1641532182693481e-10,1.0,False,normal,-0.005684741649061167,3,纳指;黄金;国债ETF,纳指;黄金;国债ETF,,1.0,0.10540580558676484,3
2024-06-24,994175.4481550552,994175.448155055,1.1641532182693481e-10,1.0,False,normal,-0.013727380069807872,3,纳指;黄金;国债ETF,纳指;黄金;国债ETF,,1.0,0.110050529605569,3
2024-06-25,990437.7525065275,990437.7525065274,1.1641532182693481e-10,1.0,False,normal,-0.01743536429594836,3,纳指;黄金;国债ETF,纳指;黄金;国债ETF,,1.0,0.10892819628102736,3
2024-06-26,988852.8891628683,988852.8891628683,0.0,1.0,False,normal,-0.019007629357495427,4,纳指;黄金;国债ETF;科技ETF,纳指;黄金;国债ETF,科技ETF,1.0,0.10634413581071392,3
2024-06-27,985166.3496780522,985166.3496780521,1.1641532182693481e-10,1.0,False,normal,-0.022664864066834704,4,纳指;黄金;国债ETF;科技ETF,纳指;黄金;国债ETF,科技ETF,1.0,0.10497053753742862,3
2024-06-28,989621.4068513796,989621.4068513794,1.1641532182693481e-10,1.0,False,normal,-0.018245220714717812,5,纳指;黄金;国债ETF;有色ETF;科技ETF,纳指;黄金;国债ETF,有色ETF;科技ETF,1.0,0.10251971180670517,3
2024-07-01,988908.7109707816,988908.7109707816,0.0,1.0,False,normal,-0.018952251284297058,5,纳指;黄金;国债ETF;有色ETF;科技ETF,纳指;黄金;国债ETF,有色ETF;科技ETF,1.0,0.0997082366715925,3
2024-07-02,989843.79428915,989843.7942891499,1.1641532182693481e-10,1.0,False,normal,-0.01802460106323024,5,纳指;黄金;国债ETF;有色ETF;科技ETF,纳指;黄金;国债ETF,有色ETF;科技ETF,1.0,0.09667737055321243,3
2024-07-03,994759.2125324457,994759.2125324457,0.0,1.0,False,normal,-0.013148256110370635,5,纳指;黄金;国债ETF;有色ETF;科技ETF,纳指;黄金;国债ETF,有色ETF;科技ETF,1.0,0.09476713452223719,3
2024-07-04,993134.8458722325,993134.8458722325,0.0,1.0,False,normal,-0.014759710471538763,5,纳指;黄金;国债ETF;有色ETF;科技ETF,纳指;黄金;国债ETF,有色ETF;科技ETF,1.0,0.09263990787479381,3
2024-07-05,999798.5061143365,999798.5061143364,1.1641532182693481e-10,1.0,False,normal,-0.008149020519879813,5,纳指;黄金;国债ETF;有色ETF;科技ETF,纳指;黄金;国债ETF,有色ETF;科技ETF,1.0,0.09210952140309288,3
2024-07-08,997955.4914507637,997955.4914507635,1.1641532182693481e-10,1.0,False,normal,-0.009977384823368726,5,纳指;黄金;国债ETF;有色ETF;科技ETF,纳指;黄金;国债ETF,有色ETF;科技ETF,1.0,0.09025289399782735,3
2024-07-09,997049.733730141,997049.7337301408,1.1641532182693481e-10,1.0,False,normal,-0.010875942559629804,5,纳指;黄金;国债ETF;有色ETF;科技ETF,纳指;黄金;国债ETF,有色ETF;科技ETF,1.0,0.08792934205598049,3
2024-07-10,1003311.7764886284,1003311.7764886284,0.0,1.0,False,normal,-0.004663677582668706,5,纳指;黄金;国债ETF;有色ETF;科技ETF,纳指;黄金;国债ETF,有色ETF;科技ETF,1.0,0.08731790795678662,3
2024-07-11,1006741.2230126787,1006741.2230126787,0.0,1.0,False,normal,-0.0012614921691559862,5,纳指;黄金;国债ETF;有色ETF;科技ETF,纳指;黄金;国债ETF,有色ETF;科技ETF,1.1771832638879811,0.08494854035702282,3
2024-07-12,1003125.2279448288,1003125.2279448288,0.0,1.0,False,normal,-0.004848743228152892,5,纳指;黄金;国债ETF;有色ETF;科技ETF,纳指;黄金;国债ETF,有色ETF;科技ETF,1.1804613898588,0.0847126393621069,3
2024-07-15,1008290.5394148449,1008290.5394148449,0.0,1.0,False,normal,0.0,5,纳指;黄金;国债ETF;有色ETF;科技ETF,纳指;黄金;国债ETF,有色ETF;科技ETF,1.1994987431864577,0.08336815738076632,3
2024-07-16,1012197.3244243367,1012197.3244243367,0.0,1.0,False,normal,0.0,7,沪深300;创业板;纳指;黄金;国债ETF;有色ETF;科技ETF,沪深300;创业板;纳指;黄金;国债ETF,有色ETF;科技ETF,1.0,0.10120568430991302,5
2024-07-17,1019237.7878076602,1019237.7878076602,0.0,1.0,False,normal,0.0,8,沪深300;创业板;纳指;黄金;国债ETF;医药ETF;有色ETF;科技ETF,沪深300;创业板;纳指;黄金;国债ETF,医药ETF;有色ETF;科技ETF,1.0,0.10038100288252987,5
2024-07-18,1027419.1288002405,1027419.1288002406,-1.1641532182693481e-10,1.0,False,normal,0.0,8,沪深300;创业板;纳指;黄金;国债ETF;医药ETF;有色ETF;科技ETF,沪深300;创业板;纳指;黄金;国债ETF,医药ETF;有色ETF;科技ETF,1.0,0.10019475416205473,5
2024-07-19,1017971.826555178,1017971.826555178,0.0,1.0,False,normal,-0.009195178462459064,6,创业板;纳指;黄金;国债ETF;有色ETF;科技ETF,创业板;纳指;黄金;国债ETF,有色ETF;科技ETF,1.0,0.10092698485091618,4
2024-07-22,1023954.9451048748,1023954.9451048748,0.0,1.0,False,normal,-0.0033717336949049648,8,沪深300;创业板;纳指;黄金;国债ETF;医药ETF;有色ETF;科技ETF,沪深300;创业板;纳指;黄金;国债ETF,医药ETF;有色ETF;科技ETF,1.0,0.10438252229744244,5
2024-07-23,1018708.7809898332,1018708.7809898332,0.0,0.7695079045737351,False,normal,-0.008477891413778442,7,沪深300;创业板;纳指;黄金;医药ETF;有色ETF;科技ETF,沪深300;创业板;纳指;黄金,医药ETF;有色ETF;科技ETF,0.7695079045737351,0.12995318099480016,4
2024-07-24,1013427.8039133449,1013427.8039133449,0.0,0.7779610744345823,False,normal,-0.013617933027228961,8,沪深300;创业板;纳指;黄金;医药ETF;有色ETF;科技ETF;军工ETF,沪深300;创业板;纳指;黄金,医药ETF;有色ETF;科技ETF;军工ETF,0.7779610744345823,0.12854113565088002,4
2024-07-25,1006062.3558266431,1006062.3558266431,0.0,0.7772312095719097,False,normal,-0.02078681657264507,6,沪深300;创业板;纳指;黄金;有色ETF;科技ETF,沪深300;创业板;纳指;黄金,有色ETF;科技ETF,0.7772312095719097,0.12866184317930168,4
2024-07-26,993516.8267257907,993516.8267257906,1.1641532182693481e-10,0.7315622117894925,False,normal,-0.03299753832113174,5,创业板;纳指;黄金;有色ETF;科技ETF,创业板;纳指;黄金,有色ETF;科技ETF,0.7315622117894925,0.13669377448486236,3
2024-07-29,999286.8099859144,999286.8099859144,0.0,0.7446233654390823,False,normal,-0.027381540819837902,5,创业板;纳指;黄金;有色ETF;科技ETF,创业板;纳指;黄金,有色ETF;科技ETF,0.7446233654390823,0.1342960812692642,3
2024-07-30,999756.266353424,999756.266353424,0.0,1.0,False,normal,-0.026924613014670525,6,创业板;纳指;黄金;国债ETF;医药ETF;科技ETF,创业板;纳指;黄金;国债ETF,医药ETF;科技ETF,1.0,0.09766085043953895,4
2024-07-31,1002701.940490369,1002701.940490369,0.0,1.0,False,normal,-0.024057551214502645,7,沪深300;创业板;纳指;黄金;国债ETF;医药ETF;科技ETF,沪深300;创业板;纳指;黄金;国债ETF,医药ETF;科技ETF,1.0,0.0996190029524996,5
2024-08-01,1000675.5114186744,1000675.5114186744,0.0,1.0,False,normal,-0.026029900195449648,8,沪深300;创业板;纳指;黄金;国债ETF;医药ETF;有色ETF;科技ETF,沪深300;创业板;纳指;黄金;国债ETF,医药ETF;有色ETF;科技ETF,1.0,0.09701709405454967,5
2024-08-02,1011252.485459773,1011252.485459773,0.0,1.0,False,normal,-0.0157351979219483,9,沪深300;创业板;纳指;黄金;国债ETF;消费ETF;医药ETF;有色ETF;科技ETF,沪深300;创业板;纳指;黄金;国债ETF,消费ETF;医药ETF;有色ETF;科技ETF,1.0,0.1018131229461517,5
2024-08-05,1022374.4081539083,1022374.4081539084,-1.1641532182693481e-10,1.0,False,normal,-0.004910090249364018,11,沪深300;创业板;纳指;黄金;国债ETF;消费ETF;医药ETF;证券ETF;有色ETF;科技ETF;军工ETF,沪深300;创业板;纳指;黄金;国债ETF,消费ETF;医药ETF;证券ETF;有色ETF;科技ETF;军工ETF,1.0,0.10579008563157036,5
2024-08-06,1024654.8446408123,1024654.8446408124,-1.1641532182693481e-10,1.0,False,normal,-0.0026905126466315412,11,沪深300;创业板;纳指;黄金;国债ETF;消费ETF;医药ETF;证券ETF;有色ETF;科技ETF;军工ETF,沪深300;创业板;纳指;黄金;国债ETF,消费ETF;医药ETF;证券ETF;有色ETF;科技ETF;军工ETF,1.0,0.10260813872130503,5
2024-08-07,1026750.9986942414,1026750.9986942414,0.0,1.0,False,normal,-0.0006502994613106616,11,沪深300;创业板;纳指;黄金;国债ETF;消费ETF;医药ETF;证券ETF;有色ETF;科技ETF;军工ETF,沪深300;创业板;纳指;黄金;国债ETF,消费ETF;医药ETF;证券ETF;有色ETF;科技ETF;军工ETF,1.0,0.09950806448735387,5
2024-08-08,1030315.6447653527,1030315.6447653528,-1.1641532182693481e-10,1.0,False,normal,0.0,11,沪深300;创业板;纳指;黄金;国债ETF;消费ETF;医药ETF;证券ETF;有色ETF;科技ETF;军工ETF,沪深300;创业板;纳指;黄金;国债ETF,消费ETF;医药ETF;证券ETF;有色ETF;科技ETF;军工ETF,1.0,0.09676144566985345,5
2024-08-09,1029390.5889179021,1029390.588917902,1.1641532182693481e-10,0.6690698108612646,False,normal,-0.000897837329900295,9,沪深300;创业板;纳指;消费ETF;医药ETF;证券ETF;有色ETF;科技ETF;军工ETF,沪深300;创业板;纳指,消费ETF;医药ETF;证券ETF;有色ETF;科技ETF;军工ETF,0.6690698108612646,0.14946123465244132,3
2024-08-12,1027649.2458263641,1027649.245826364,1.1641532182693481e-10,0.6856009142474843,False,normal,-0.00258794375542635,9,沪深300;创业板;纳指;消费ETF;医药ETF;证券ETF;有色ETF;科技ETF;军工ETF,沪深300;创业板;纳指,消费ETF;医药ETF;证券ETF;有色ETF;科技ETF;军工ETF,0.6856009142474843,0.1458574484396072,3
2024-08-13,1021590.6599670188,1021590.6599670188,0.0,0.6900915696247859,False,normal,-0.008468263917627896,9,沪深300;创业板;纳指;消费ETF;医药ETF;证券ETF;有色ETF;科技ETF;军工ETF,沪深300;创业板;纳指,消费ETF;医药ETF;证券ETF;有色ETF;科技ETF;军工ETF,0.6900915696247859,0.14490830550845832,3
2024-08-14,1035517.0674035525,1035517.0674035524,1.1641532182693481e-10,0.6797982042686186,False,normal,0.0,9,沪深300;创业板;纳指;消费ETF;医药ETF;证券ETF;有色ETF;科技ETF;军工ETF,沪深300;创业板;纳指,消费ETF;医药ETF;证券ETF;有色ETF;科技ETF;军工ETF,0.6797982042686186,0.1471024774294425,3
2024-08-15,1039694.4728808784,1039694.4728808784,0.0,0.7006899390567213,False,normal,0.0,9,沪深300;创业板;纳指;消费ETF;医药ETF;证券ETF;有色ETF;科技ETF;军工ETF,沪深300;创业板;纳指,消费ETF;医药ETF;证券ETF;有色ETF;科技ETF;军工ETF,0.7006899390567213,0.14271647761151163,3
2024-08-16,1027516.0987152276,1027516.0987152276,0.0,0.6721228062912362,False,normal,-0.011713416280752054,9,沪深300;创业板;纳指;消费ETF;医药ETF;证券ETF;有色ETF;科技ETF;军工ETF,沪深300;创业板;纳指,消费ETF;医药ETF;证券ETF;有色ETF;科技ETF;军工ETF,0.6721228062912362,0.14878233421627,3
2024-08-19,1029409.4752117607,0.0,1029409.4752117607,0.0,True,normal,-0.009892326964689013,0,,沪深300;创业板;纳指,消费ETF;医药ETF;证券ETF;有色ETF;科技ETF;军工ETF,0.693242492738158,0.14424966883524643,3
2024-08-20,1029409.4752117607,0.0,1029409.4752117607,0.0,True,normal,-0.009892326964689013,0,,沪深300;创业板;纳指,消费ETF;医药ETF;证券ETF;有色ETF;科技ETF;军工ETF,0.6759084706692734,0.1479490261469599,3
2024-08-21,1029409.4752117607,0.0,1029409.4752117607,0.0,True,normal,-0.009892326964689013,0,,沪深300;创业板;纳指,消费ETF;医药ETF;证券ETF;有色ETF;科技ETF;军工ETF,0.697142508547372,0.14344269467711684,3
2024-08-22,1029409.4752117607,0.0,1029409.4752117607,0.0,True,normal,-0.009892326964689013,0,,沪深300;创业板;纳指,消费ETF;医药ETF;证券ETF;有色ETF;科技ETF;军工ETF,0.67948895728848,0.14716942626860757,3
2024-08-23,1029409.4752117607,0.0,1029409.4752117607,0.0,True,normal,-0.009892326964689013,0,,沪深300;创业板;纳指,消费ETF;医药ETF;证券ETF;有色ETF;科技ETF;军工ETF,0.6663270773746481,0.15007644653133936,3
2024-08-26,1029409.4752117607,0.0,1029409.4752117607,0.0,True,normal,-0.009892326964689013,0,,沪深300;创业板;纳指;国债ETF,消费ETF;医药ETF;证券ETF;有色ETF;科技ETF;军工ETF,1.0,0.1094077327392208,4
2024-08-27,1029409.4752117607,0.0,1029409.4752117607,0.0,True,normal,-0.009892326964689013,0,,沪深300;创业板;纳指;国债ETF,消费ETF;医药ETF;证券ETF;有色ETF;科技ETF;军工ETF,1.0,0.10749945434142028,4
2024-08-28,1029409.4752117607,0.0,1029409.4752117607,0.0,True,normal,-0.009892326964689013,0,,沪深300;创业板;纳指;国债ETF,消费ETF;医药ETF;证券ETF;有色ETF;科技ETF;军工ETF,1.0,0.10423002146687836,4
2024-08-29,1029409.4752117607,0.0,1029409.4752117607,0.0,True,normal,-0.009892326964689013,0,,沪深300;创业板;纳指;国债ETF,消费ETF;医药ETF;证券ETF;有色ETF;科技ETF;军工ETF,1.0,0.10106260093978063,4
2024-08-30,1029409.4752117607,0.0,1029409.4752117607,0.0,True,normal,-0.009892326964689013,0,,沪深300;创业板;纳指;国债ETF,消费ETF;医药ETF;证券ETF;有色ETF;科技ETF;军工ETF,1.0,0.09951013954093046,4
2024-09-02,1029409.4752117607,0.0,1029409.4752117607,0.0,True,normal,-0.009892326964689013,0,,沪深300;创业板;纳指;国债ETF,消费ETF;医药ETF;证券ETF;有色ETF;科技ETF;军工ETF,1.0,0.09945512257563194,4
2024-09-03,1029409.4752117607,0.0,1029409.4752117607,0.0,True,normal,-0.009892326964689013,0,,沪深300;创业板;纳指;国债ETF,消费ETF;医药ETF;证券ETF;有色ETF;科技ETF;军工ETF,1.0,0.0973074151076762,4
2024-09-04,1029409.4752117607,0.0,1029409.4752117607,0.0,True,normal,-0.009892326964689013,0,,沪深300;创业板;纳指;国债ETF,医药ETF;证券ETF;有色ETF;科技ETF;军工ETF,1.0,0.0971408177719397,4
2024-09-05,1029409.4752117607,0.0,1029409.4752117607,0.0,True,normal,-0.009892326964689013,0,,沪深300;创业板;纳指;国债ETF,医药ETF;证券ETF;有色ETF;科技ETF;军工ETF,1.0,0.09948029930913789,4
2024-09-06,1029409.4752117607,1029409.4752117607,0.0,1.0,False,normal,-0.009892326964689013,7,沪深300;创业板;纳指;国债ETF;医药ETF;证券ETF;科技ETF,沪深300;创业板;纳指;国债ETF,医药ETF;证券ETF;科技ETF,1.0,0.09647846725774838,4
2024-09-09,1030450.6023530745,1030450.6023530744,1.1641532182693481e-10,0.7994308975781746,False,normal,-0.00889094899407338,7,沪深300;创业板;纳指;医药ETF;证券ETF;有色ETF;科技ETF,沪深300;创业板;纳指,医药ETF;证券ETF;有色ETF;科技ETF,0.7994308975781746,0.12508898555577935,3
2024-09-10,1032795.6781751066,1032795.6781751066,0.0,0.6469739023181421,False,normal,-0.006635405771328117,6,沪深300;创业板;医药ETF;证券ETF;有色ETF;科技ETF,沪深300;创业板,医药ETF;证券ETF;有色ETF;科技ETF,0.6469739023181421,0.15456574004251897,2
2024-09-11,1030039.565381856,1030039.5653818559,1.1641532182693481e-10,0.8114814886757266,False,normal,-0.009286292993623055,7,沪深300;创业板;黄金;医药ETF;证券ETF;有色ETF;科技ETF,沪深300;创业板;黄金,医药ETF;证券ETF;有色ETF;科技ETF,0.8114814886757266,0.12323140009415628,3
2024-09-12,1024901.5364634371,1024901.5364634371,0.0,0.8205881330798532,False,normal,-0.014228157216659662,6,沪深300;创业板;黄金;医药ETF;有色ETF;科技ETF,沪深300;创业板;黄金,医药ETF;有色ETF;科技ETF,0.8205881330798532,0.12186381446277725,3
2024-09-13,1027112.425184748,1027112.425184748,0.0,1.0,False,normal,-0.012101677968208187,7,沪深300;创业板;黄金;国债ETF;医药ETF;有色ETF;科技ETF,沪深300;创业板;黄金;国债ETF,医药ETF;有色ETF;科技ETF,1.0,0.08848914821401457,4
2024-09-16,1028459.6169484616,1028459.6169484616,0.0,1.0,False,normal,-0.01080592060981742,7,沪深300;创业板;黄金;国债ETF;医药ETF;有色ETF;科技ETF,沪深300;创业板;黄金;国债ETF,医药ETF;有色ETF;科技ETF,1.0,0.08581377239290734,4
2024-09-17,1025704.5629237369,1025704.5629237369,0.0,1.0,False,normal,-0.013455789486287261,5,沪深300;创业板;黄金;国债ETF;医药ETF,沪深300;创业板;黄金;国债ETF,医药ETF,1.1866096845081684,0.08427370963304456,4
2024-09-18,1033124.2398561188,1033124.2398561188,0.0,1.0,False,normal,-0.00631938823965677,7,沪深300;创业板;黄金;国债ETF;医药ETF;有色ETF;科技ETF,沪深300;创业板;黄金;国债ETF,医药ETF;有色ETF;科技ETF,1.0,0.08535378064978062,4
2024-09-19,1039954.4959137202,1039954.4959137202,0.0,1.0,False,normal,0.0,7,沪深300;创业板;黄金;国债ETF;医药ETF;有色ETF;科技ETF,沪深300;创业板;黄金;国债ETF,医药ETF;有色ETF;科技ETF,1.0,0.08538339432589769,4
2024-09-20,1033592.8471828313,1033592.8471828313,0.0,1.0,False,normal,-0.00611723758672683,6,沪深300;创业板;黄金;国债ETF;医药ETF;有色ETF,沪深300;创业板;黄金;国债ETF,医药ETF;有色ETF,1.0,0.08768903405055148,4
2024-09-23,1045654.7515922845,0.0,1045654.7515922845,0.0,True,normal,0.0,0,,沪深300;创业板;黄金;国债ETF,医药ETF;证券ETF;有色ETF;科技ETF,1.0,0.09407370803378201,4
2024-09-24,1045654.7515922845,0.0,1045654.7515922845,0.0,True,normal,0.0,0,,沪深300;创业板;黄金;国债ETF,医药ETF;有色ETF;科技ETF,1.0,0.091723176913236,4
2024-09-25,1045654.7515922845,0.0,1045654.7515922845,0.0,True,normal,0.0,0,,沪深300;创业板;黄金;国债ETF,医药ETF;证券ETF;有色ETF;科技ETF,1.0,0.08892890136370782,4
2024-09-26,1045654.7515922845,0.0,1045654.7515922845,0.0,True,normal,0.0,0,,沪深300;创业板;黄金;国债ETF,医药ETF;证券ETF;有色ETF;科技ETF,1.0,0.09196526568732408,4
2024-09-27,1045654.7515922845,0.0,1045654.7515922845,0.0,True,normal,0.0,0,,沪深300;创业板;黄金;国债ETF,医药ETF;证券ETF;有色ETF;科技ETF,1.0,0.08917430083356323,4
2024-09-30,1045654.7515922845,0.0,1045654.7515922845,0.0,True,normal,0.0,0,,沪深300;黄金;国债ETF,医药ETF;有色ETF;科技ETF,1.4212777690147136,0.0703592233552798,3
2024-10-01,1045654.7515922845,1045654.7515922844,1.1641532182693481e-10,1.0,False,normal,0.0,7,沪深300;黄金;国债ETF;医药ETF;证券ETF;有色ETF;科技ETF,沪深300;黄金;国债ETF,医药ETF;证券ETF;有色ETF;科技ETF,1.456073106331075,0.06867787033851203,3
2024-10-02,1045612.6724964079,1045612.6724964078,1.1641532182693481e-10,1.0,False,normal,-4.024186359081023e-05,6,沪深300;黄金;国债ETF;医药ETF;有色ETF;科技ETF,沪深300;黄金;国债ETF,医药ETF;有色ETF;科技ETF,1.4893467112763774,0.06714353296171012,3
2024-10-03,1047219.270563173,1047219.270563173,0.0,1.0,False,normal,0.0,7,沪深300;创业板;黄金;国债ETF;医药ETF;有色ETF;科技ETF,沪深300;创业板;黄金;国债ETF,医药ETF;有色ETF;科技ETF,1.1897161330710613,0.08405366391213512,4
2024-10-04,1050903.4570787994,1050903.4570787994,0.0,1.0,False,normal,0.0,7,沪深300;创业板;黄金;国债ETF;医药ETF;有色ETF;科技ETF,沪深300;创业板;黄金;国债ETF,医药ETF;有色ETF;科技ETF,1.2230939919088082,0.0817598652773497,4
2024-10-07,1051197.9463834541,0.0,1051197.9463834541,0.0,True,normal,0.0,0,,沪深300;创业板;黄金;国债ETF,医药ETF;有色ETF;科技ETF,1.2579744870469076,0.07949286812226994,4
2024-10-08,1051197.9463834541,0.0,1051197.9463834541,0.0,True,normal,0.0,0,,沪深300;创业板;黄金;国债ETF,医药ETF;有色ETF;科技ETF,1.2648628378464681,0.07905995575793667,4
2024-10-09,1051197.9463834541,0.0,1051197.9463834541,0.0,True,normal,0.0,0,,沪深300;创业板;黄金;国债ETF,有色ETF;科技ETF,1.2274964247114364,0.08146663239651253,4
2024-10-10,1051197.9463834541,0.0,1051197.9463834541,0.0,True,normal,0.0,0,,沪深300;创业板;黄金;国债ETF,有色ETF;科技ETF,1.2385620232419485,0.08073879072946949,4
2024-10-11,1051197.9463834541,0.0,1051197.9463834541,0.0,True,normal,0.0,0,,沪深300;创业板;黄金;国债ETF,有色ETF;科技ETF;军工ETF,1.2676772547935846,0.07888443183930358,4
2024-10-14,1051197.9463834541,0.0,1051197.9463834541,0.0,True,normal,0.0,0,,沪深300;创业板;黄金;国债ETF,有色ETF;科技ETF;军工ETF,1.2664534001153989,0.07896066289599604,4
2024-10-15,1051197.9463834541,0.0,1051197.9463834541,0.0,True,normal,0.0,0,,沪深300;创业板;黄金;国债ETF,证券ETF;有色ETF;科技ETF;军工ETF,1.3012363014701778,0.07684999249330568,4
2024-10-16,1051197.9463834541,0.0,1051197.9463834541,0.0,True,normal,0.0,0,,沪深300;黄金;国债ETF,证券ETF;有色ETF;科技ETF;军工ETF,1.562566575905431,0.06399727316710002,3
2024-10-17,1051197.9463834541,0.0,1051197.9463834541,0.0,True,normal,0.0,0,,沪深300;黄金;国债ETF,有色ETF;科技ETF;军工ETF,1.5995109067084978,0.06251911104862785,3
2024-10-18,1051197.9463834541,0.0,1051197.9463834541,0.0,True,normal,0.0,0,,黄金;国债ETF,有色ETF;科技ETF;军工ETF,1.1776539594933955,0.08491458734025581,2
2024-10-21,1051197.9463834541,0.0,1051197.9463834541,0.0,True,normal,0.0,0,,黄金;国债ETF,有色ETF;科技ETF;军工ETF,1.0,0.09148544607338141,2
2024-10-22,1051197.9463834541,0.0,1051197.9463834541,0.0,True,normal,0.0,0,,黄金;国债ETF,有色ETF;科技ETF;军工ETF,1.0,0.08958125761245876,2
2024-10-23,1051197.9463834541,0.0,1051197.9463834541,0.0,True,normal,0.0,0,,黄金;国债ETF,有色ETF;科技ETF;军工ETF,1.0,0.08809189168319213,2
2024-10-24,1051197.9463834541,0.0,1051197.9463834541,0.0,True,normal,0.0,0,,黄金;国债ETF,有色ETF;科技ETF;军工ETF,1.0,0.08548247912607211,2
2024-10-25,1051197.9463834541,0.0,1051197.9463834541,0.0,True,normal,0.0,0,,黄金;国债ETF,有色ETF;科技ETF;军工ETF,1.0,0.10351147989077344,2
2024-10-28,1051197.9463834541,0.0,1051197.9463834541,0.0,True,normal,0.0,0,,黄金;国债ETF,有色ETF;科技ETF;军工ETF,1.0,0.10063538541743679,2
2024-10-29,1051197.9463834541,0.0,1051197.9463834541,0.0,True,normal,0.0,0,,沪深300;黄金;国债ETF,有色ETF;科技ETF;军工ETF,1.2796614619560147,0.07814566818879262,3
2024-10-30,1051197.9463834541,0.0,1051197.9463834541,0.0,True,normal,0.0,0,,沪深300;创业板;黄金;国债ETF,有色ETF;科技ETF;军工ETF,1.2077507934761411,0.08279853802635939,4
2024-10-31,1051197.9463834541,0.0,1051197.9463834541,0.0,True,normal,0.0,0,,沪深300;创业板;黄金;国债ETF,有色ETF;科技ETF;军工ETF,1.1960593593685038,0.08360789054215342,4
2024-11-01,1051197.9463834541,0.0,1051197.9463834541,0.0,True,normal,0.0,0,,沪深300;创业板;黄金;国债ETF,有色ETF;科技ETF;军工ETF,1.0,0.08758709994315188,4
2024-11-04,1051197.9463834541,0.0,1051197.9463834541,0.0,True,normal,0.0,0,,沪深300;黄金;国债ETF,有色ETF;科技ETF;军工ETF,1.2798169809148658,0.07813617219589936,3
2024-11-05,1051197.9463834541,0.0,1051197.9463834541,0.0,True,normal,0.0,0,,沪深300;创业板;黄金;国债ETF,有色ETF;科技ETF;军工ETF,1.0,0.10060060265854766,4
2024-11-06,1051197.9463834541,0.0,1051197.9463834541,0.0,True,normal,0.0,0,,沪深300;创业板;黄金;国债ETF,有色ETF;科技ETF;军工ETF,1.0,0.10358316862125116,4
2024-11-07,1051197.9463834541,0.0,1051197.9463834541,0.0,True,normal,0.0,0,,沪深300;黄金;国债ETF,有色ETF;科技ETF;军工ETF,1.0,0.08959316267374212,3
2024-11-08,1051197.9463834541,0.0,1051197.9463834541,0.0,True,normal,0.0,0,,沪深300;创业板;国债ETF,有色ETF;科技ETF;军工ETF,1.0,0.09235870403237115,3
2024-11-11,1051197.9463834541,0.0,1051197.9463834541,0.0,True,normal,0.0,0,,沪深300;创业板;黄金;国债ETF,消费ETF;有色ETF;科技ETF;军工ETF,1.0,0.099343729557377,4
2024-11-12,1051197.9463834541,0.0,1051197.9463834541,0.0,True,normal,0.0,0,,沪深300;国债ETF,有色ETF;科技ETF;军工ETF,1.8899906295377957,0.052910315234978376,2
2024-11-13,1051197.9463834541,0.0,1051197.9463834541,0.0,True,normal,0.0,0,,沪深300;国债ETF,有色ETF;科技ETF,1.949201964289772,0.05130304700695131,2
2024-11-14,1051197.9463834541,0.0,1051197.9463834541,0.0,True,normal,0.0,0,,沪深300,有色ETF;科技ETF;军工ETF,1.0,0.1032516324957316,1
2024-11-15,1051197.9463834541,0.0,1051197.9463834541,0.0,True,normal,0.0,0,,国债ETF,有色ETF;科技ETF,7.637511393362302,0.013093270156940019,1
2024-11-18,1051197.9463834541,0.0,1051197.9463834541,0.0,True,normal,0.0,0,,国债ETF,有色ETF;科技ETF,6.570113682167582,0.015220436789612515,1
2024-11-19,1051197.9463834541,0.0,1051197.9463834541,0.0,True,normal,0.0,0,,国债ETF,有色ETF;科技ETF;军工ETF,5.967296502577843,0.016758007576261797,1
2024-11-20,1051197.9463834541,0.0,1051197.9463834541,0.0,True,normal,0.0,0,,国债ETF,有色ETF;科技ETF;军工ETF,6.1434497559570245,0.016277499446143356,1
2024-11-21,1051197.9463834541,0.0,1051197.9463834541,0.0,True,normal,0.0,0,,,科技ETF,1.0,0.0,0
2024-11-22,1051197.9463834541,0.0,1051197.9463834541,0.0,True,normal,0.0,0,,,科技ETF,1.0,0.0,0
2024-11-25,1051197.9463834541,0.0,1051197.9463834541,0.0,True,normal,0.0,0,,,科技ETF,1.0,0.0,0
2024-11-26,1051197.9463834541,0.0,1051197.9463834541,0.0,True,normal,0.0,0,,,科技ETF,1.0,0.0,0
2024-11-27,1051197.9463834541,0.0,1051197.9463834541,0.0,True,normal,0.0,0,,,科技ETF,1.0,0.0,0
2024-11-28,1051197.9463834541,0.0,1051197.9463834541,0.0,True,normal,0.0,0,,,科技ETF,1.0,0.0,0
2024-11-29,1051197.9463834541,0.0,1051197.9463834541,0.0,True,normal,0.0,0,,,消费ETF;科技ETF,1.0,0.0,0
2024-12-02,1051197.9463834541,0.0,1051197.9463834541,0.0,True,normal,0.0,0,,,消费ETF;科技ETF,1.0,0.0,0
2024-12-03,1051197.9463834541,0.0,1051197.9463834541,0.0,True,normal,0.0,0,,,消费ETF;医药ETF;科技ETF,1.0,0.0,0
2024-12-04,1051197.9463834541,0.0,1051197.9463834541,0.0,True,normal,0.0,0,,创业板;纳指,消费ETF;医药ETF;科技ETF;军工ETF,0.43204193782062217,0.23145901183675974,2
2024-12-05,1051197.9463834541,0.0,1051197.9463834541,0.0,True,normal,0.0,0,,创业板;纳指,消费ETF;医药ETF;科技ETF;军工ETF,0.43442449487408374,0.23018959837654784,2
2024-12-06,1051197.9463834541,0.0,1051197.9463834541,0.0,True,normal,0.0,0,,创业板;纳指,消费ETF;医药ETF;科技ETF;军工ETF,0.43501497436930076,0.22987714421781308,2
2024-12-09,1051197.9463834541,0.0,1051197.9463834541,0.0,True,normal,0.0,0,,沪深300;创业板;纳指,消费ETF;医药ETF;科技ETF;军工ETF,0.5050708308210738,0.19799203180558642,3
2024-12-10,1051197.9463834541,0.0,1051197.9463834541,0.0,True,normal,0.0,0,,沪深300;创业板;纳指,消费ETF;医药ETF;证券ETF;科技ETF;军工ETF,0.514837564457863,0.1942360210356883,3
2024-12-11,1051197.9463834541,0.0,1051197.9463834541,0.0,True,normal,0.0,0,,创业板;纳指,消费ETF;医药ETF;科技ETF;军工ETF,0.4352001973438874,0.22977930756998668,2
2024-12-12,1051197.9463834541,0.0,1051197.9463834541,0.0,True,normal,0.0,0,,沪深300;创业板;纳指,消费ETF;医药ETF;科技ETF;军工ETF,0.48746345724999923,0.20514358258595428,3
2024-12-13,1051197.9463834541,0.0,1051197.9463834541,0.0,True,normal,0.0,0,,沪深300;创业板;纳指,消费ETF;医药ETF;证券ETF;科技ETF;军工ETF,0.5008286537138709,0.19966908693912538,3
2024-12-16,1051197.9463834541,1051197.9463834541,0.0,0.49439397355774883,False,normal,0.0,7,沪深300;创业板;纳指;消费ETF;医药ETF;科技ETF;军工ETF,沪深300;创业板;纳指,消费ETF;医药ETF;科技ETF;军工ETF,0.49439397355774883,0.2022678376930484,3
2024-12-17,1076308.8531033087,1076308.8531033085,2.3283064365386963e-10,0.4713112809935835,False,normal,0.0,8,沪深300;创业板;纳指;消费ETF;医药ETF;证券ETF;科技ETF;军工ETF,沪深300;创业板;纳指,消费ETF;医药ETF;证券ETF;科技ETF;军工ETF,0.4713112809935835,0.21217400056537458,3
2024-12-18,1057508.9080780486,1057508.9080780486,0.0,0.45314750227983736,False,normal,-0.017467054155556216,7,沪深300;创业板;纳指;消费ETF;医药ETF;科技ETF;军工ETF,沪深300;创业板;纳指,消费ETF;医药ETF;科技ETF;军工ETF,0.45314750227983736,0.22067869622338968,3
2024-12-19,1060425.5095901415,1060425.5095901415,0.0,0.46736887066357163,False,normal,-0.014757235776116652,7,沪深300;创业板;纳指;消费ETF;医药ETF;科技ETF;军工ETF,沪深300;创业板;纳指,消费ETF;医药ETF;科技ETF;军工ETF,0.46736887066357163,0.21396375812967544,3
2024-12-20,1062989.5674910995,1062989.5674910995,0.0,0.4820487458099457,False,normal,-0.01237496613895342,7,沪深300;创业板;纳指;消费ETF;医药ETF;科技ETF;军工ETF,沪深300;创业板;纳指,消费ETF;医药ETF;科技ETF;军工ETF,0.4820487458099457,0.2074478999670012,3
2024-12-23,1051825.563620333,1051825.563620333,0.0,0.4836322161198343,False,normal,-0.02274745711919328,7,沪深300;创业板;纳指;消费ETF;医药ETF;科技ETF;军工ETF,沪深300;创业板;纳指,消费ETF;医药ETF;科技ETF;军工ETF,0.4836322161198343,0.20676869047785273,3
2024-12-24,1051626.5565429204,1051626.5565429204,0.0,0.4985852629325745,False,normal,-0.022932354861917296,8,沪深300;创业板;纳指;消费ETF;医药ETF;证券ETF;科技ETF;军工ETF,沪深300;创业板;纳指,消费ETF;医药ETF;证券ETF;科技ETF;军工ETF,0.4985852629325745,0.2005675005551124,3
2024-12-25,1069536.4189235063,1069536.4189235063,0.0,0.4922805485428191,False,normal,-0.00629227768616373,8,沪深300;创业板;纳指;消费ETF;医药ETF;证券ETF;科技ETF;军工ETF,沪深300;创业板;纳指,消费ETF;医药ETF;证券ETF;科技ETF;军工ETF,0.4922805485428191,0.20313620007129307,3
2024-12-26,1062491.7259683695,1062491.7259683695,0.0,0.500625991621419,False,normal,-0.012837511365906199,8,沪深300;创业板;纳指;消费ETF;医药ETF;证券ETF;科技ETF;军工ETF,沪深300;创业板;纳指,消费ETF;医药ETF;证券ETF;科技ETF;军工ETF,0.500625991621419,0.19974991645184403,3
2024-12-27,1040814.1747992181,1040814.1747992181,0.0,0.4734272360111237,False,normal,-0.03297815325196782,6,沪深300;创业板;纳指;消费ETF;医药ETF;科技ETF,沪深300;创业板;纳指,消费ETF;医药ETF;科技ETF,0.4734272360111237,0.21122570142468608,3
2024-12-30,1048090.6614903107,1048090.6614903107,0.0,0.4847287430013019,False,normal,-0.026217559701043842,7,沪深300;创业板;纳指;消费ETF;医药ETF;科技ETF;军工ETF,沪深300;创业板;纳指,消费ETF;医药ETF;科技ETF;军工ETF,0.4847287430013019,0.2063009496421206,3
2024-12-31,1025675.8468447533,1025675.8468447533,0.0,0.46060185435414724,False,normal,-0.04704319407256189,6,沪深300;创业板;纳指;消费ETF;医药ETF;科技ETF,沪深300;创业板;纳指,消费ETF;医药ETF;科技ETF,0.46060185435414724,0.21710724578002258,3
2025-01-01,1018530.2452945237,1018530.2452945237,0.0,0.47191677742751914,False,normal,-0.053682182063440866,5,沪深300;创业板;纳指;消费ETF;医药ETF,沪深300;创业板;纳指,消费ETF;医药ETF,0.47191677742751914,0.21190176908969682,3
2025-01-02,1010835.4354535763,1010835.4354535763,0.0,0.3425608969230993,False,normal,-0.06083144021435269,4,创业板;消费ETF;医药ETF;军工ETF,创业板,消费ETF;医药ETF;军工ETF,0.3425608969230993,0.29191889937878335,1
2025-01-03,1022494.2214578306,1022494.2214578306,0.0,0.349038017790415,False,normal,-0.04999924648981097,6,创业板;消费ETF;医药ETF;证券ETF;科技ETF;军工ETF,创业板,消费ETF;医药ETF;证券ETF;科技ETF;军工ETF,0.349038017790415,0.28650174165281467,1
2025-01-06,987548.7620269884,987548.7620269884,0.0,0.32492728498248963,False,warning,-0.08246711974950252,3,创业板;消费ETF;医药ETF,创业板,消费ETF;医药ETF,0.32492728498248963,0.30776116571862844,1
2025-01-07,975870.1569078532,975870.1569078532,0.0,0.332408528532318,False,warning,-0.09331772744028054,3,创业板;消费ETF;医药ETF,创业板,消费ETF;医药ETF,0.332408528532318,0.3008346399580347,1
2025-01-08,981199.1886247024,981199.1886247024,0.0,0.34112814218949455,False,warning,-0.08836651691972776,3,创业板;消费ETF;医药ETF,创业板,消费ETF;医药ETF,0.34112814218949455,0.29314497290713304,1
2025-01-09,996786.9471206327,996786.9471206327,0.0,0.3425946551379982,False,normal,-0.07388390957984911,5,创业板;消费ETF;医药ETF;科技ETF;军工ETF,创业板,消费ETF;医药ETF;科技ETF;军工ETF,0.3425946551379982,0.2918901345957067,1
2025-01-10,995172.4043042338,995172.4043042338,0.0,0.4743918720721477,False,normal,-0.07538398347754466,4,沪深300;创业板;医药ETF;军工ETF,沪深300;创业板,医药ETF;军工ETF,0.4743918720721477,0.2107961916868414,2
2025-01-13,1005166.5613015643,1005166.5613015643,0.0,0.47995110440086,False,normal,-0.06609839879753905,5,沪深300;创业板;消费ETF;医药ETF;军工ETF,沪深300;创业板,消费ETF;医药ETF;军工ETF,0.47995110440086,0.20835455754359303,2
2025-01-14,1001098.9260128057,1001098.9260128057,0.0,0.49370085276946896,False,normal,-0.06987764420375354,5,沪深300;创业板;消费ETF;医药ETF;军工ETF,沪深300;创业板,消费ETF;医药ETF;军工ETF,0.49370085276946896,0.20255180731213865,2
2025-01-15,1017671.232059655,1017671.232059655,0.0,0.4846956408184953,False,normal,-0.05448029241289294,7,沪深300;创业板;消费ETF;医药ETF;证券ETF;科技ETF;军工ETF,沪深300;创业板,消费ETF;医药ETF;证券ETF;科技ETF;军工ETF,0.4846956408184953,0.20631503892036684,2
2025-01-16,1004385.4395820152,1004385.4395820152,0.0,0.4837732849358732,False,normal,-0.06682414003556471,6,沪深300;创业板;消费ETF;医药ETF;科技ETF;军工ETF,沪深300;创业板,消费ETF;医药ETF;科技ETF;军工ETF,0.4837732849358732,0.20670839650282788,2
2025-01-17,1040540.8181192342,1040540.8181192342,0.0,0.41488236336580775,False,normal,-0.03323212931023003,7,沪深300;创业板;消费ETF;医药ETF;证券ETF;科技ETF;军工ETF,沪深300;创业板,消费ETF;医药ETF;证券ETF;科技ETF;军工ETF,0.41488236336580775,0.24103217882951694,2
2025-01-20,1066268.8597706389,1066268.8597706389,0.0,0.4023059631179413,False,normal,-0.00932817128068922,7,沪深300;创业板;消费ETF;医药ETF;证券ETF;科技ETF;军工ETF,沪深300;创业板,消费ETF;医药ETF;证券ETF;科技ETF;军工ETF,0.4023059631179413,0.2485670339683324,2
2025-01-21,1055446.1173026054,1055446.1173026054,0.0,0.40599062920679213,False,normal,-0.019383595833621554,7,沪深300;创业板;消费ETF;医药ETF;证券ETF;科技ETF;军工ETF,沪深300;创业板,消费ETF;医药ETF;证券ETF;科技ETF;军工ETF,0.40599062920679213,0.24631110376950302,2
2025-01-22,1043894.8618065992,1043894.8618065992,0.0,0.40955752968810977,False,normal,-0.03011588281862649,6,沪深300;创业板;消费ETF;医药ETF;科技ETF;军工ETF,沪深300;创业板,消费ETF;医药ETF;科技ETF;军工ETF,0.40955752968810977,0.24416594190357818,2
2025-01-23,1057107.0112875593,1057107.0112875593,0.0,0.41620726708146777,False,normal,-0.017840457003010773,6,沪深300;创业板;消费ETF;医药ETF;科技ETF;军工ETF,沪深300;创业板,消费ETF;医药ETF;科技ETF;军工ETF,0.41620726708146777,0.24026490623583024,2
2025-01-24,1028866.3940214992,1028866.3940214992,0.0,0.3875005577512162,False,normal,-0.04407885240841346,5,沪深300;创业板;消费ETF;医药ETF;科技ETF,沪深300;创业板,消费ETF;医药ETF;科技ETF,0.3875005577512162,0.25806414468234695,2
2025-01-27,991567.836789396,991567.836789396,0.0,0.3477858113695649,False,normal,-0.07873299199349695,3,沪深300;创业板;消费ETF,沪深300;创业板,消费ETF,0.3477858113695649,0.2875332941450501,2
2025-01-28,977259.7050002285,0.0,977259.7050002285,1.0,False,warning,-0.09202669644265489,0,,,,1.0,0.0,0
2025-01-29,977259.7050002285,977259.7050002285,0.0,0.4892894245130453,False,warning,-0.09202669644265489,2,沪深300;消费ETF,沪深300,消费ETF,0.4892894245130453,0.2043780122562895,1
2025-01-30,980059.724660654,980059.724660654,0.0,0.5039860265399131,False,warning,-0.08942519441807131,2,沪深300;消费ETF,沪深300,消费ETF,0.5039860265399131,0.19841819958093723,1
2025-01-31,989960.9669175409,989960.9669175409,0.0,0.5105784502967072,False,warning,-0.08022593694811854,3,沪深300;消费ETF;科技ETF,沪深300,消费ETF;科技ETF,0.5105784502967072,0.19585628798451646,1
2025-02-03,989154.6675173541,989154.6675173541,0.0,1.0,False,warning,-0.08097507080301712,4,沪深300;国债ETF;消费ETF;科技ETF,沪深300;国债ETF,消费ETF;科技ETF,1.0,0.09535137913996226,2
2025-02-04,986493.7335543754,986493.7335543754,0.0,1.0,False,warning,-0.0834473481194273,3,沪深300;国债ETF;科技ETF,沪深300;国债ETF,科技ETF,1.0,0.09317391075317684,2
2025-02-05,989285.5941410649,989285.5941410649,0.0,1.0,False,warning,-0.08085342670120259,5,沪深300;国债ETF;消费ETF;有色ETF;科技ETF,沪深300;国债ETF,消费ETF;有色ETF;科技ETF,1.0,0.09087782202823184,2
2025-02-06,988248.8138574054,988248.8138574054,0.0,1.0,False,warning,-0.08181670065427854,5,沪深300;国债ETF;消费ETF;有色ETF;科技ETF,沪深300;国债ETF,消费ETF;有色ETF;科技ETF,1.0,0.08826709044600364,2
2025-02-07,990240.6874036272,990240.6874036272,0.0,1.0,False,normal,-0.0799660482690653,5,沪深300;国债ETF;消费ETF;有色ETF;科技ETF,沪深300;国债ETF,消费ETF;有色ETF;科技ETF,1.0,0.08583088435221028,2
2025-02-10,992382.7307535126,992382.7307535126,0.0,1.0,False,normal,-0.07797587291771588,6,沪深300;国债ETF;消费ETF;有色ETF;科技ETF;军工ETF,沪深300;国债ETF,消费ETF;有色ETF;科技ETF;军工ETF,1.1977620714351334,0.0834890354143391,2
2025-02-11,991545.1762775814,991545.1762775814,0.0,1.0,False,normal,-0.07875404590543804,6,沪深300;国债ETF;消费ETF;有色ETF;科技ETF;军工ETF,沪深300;国债ETF,消费ETF;有色ETF;科技ETF;军工ETF,1.2330582780979698,0.08109916763565553,2
2025-02-12,988056.2619372715,988056.2619372715,0.0,1.0,False,warning,-0.08199560090171105,3,沪深300;国债ETF;有色ETF,沪深300;国债ETF,有色ETF,1.2498456450368662,0.0800098799376545,2
2025-02-13,993797.4385462953,993797.4385462953,0.0,1.0,False,normal,-0.07666146600867328,6,沪深300;国债ETF;消费ETF;有色ETF;科技ETF;军工ETF,沪深300;国债ETF,消费ETF;有色ETF;科技ETF;军工ETF,1.2436523863305875,0.080408320764817,2
2025-02-14,993400.5805687045,993400.5805687045,0.0,1.0,False,normal,-0.07703018728830087,6,沪深300;国债ETF;消费ETF;有色ETF;科技ETF;军工ETF,沪深300;国债ETF,消费ETF;有色ETF;科技ETF;军工ETF,1.2815154537934668,0.07803261342185604,2
2025-02-17,993817.9374985575,993817.9374985575,0.0,1.0,False,normal,-0.07664242040461353,6,沪深300;国债ETF;消费ETF;有色ETF;科技ETF;军工ETF,沪深300;国债ETF,消费ETF;有色ETF;科技ETF;军工ETF,1.3217816894324752,0.07565545868844374,2
2025-02-18,979122.1233145802,979122.1233145802,0.0,1.0,False,warning,-0.09029632108712213,3,国债ETF;有色ETF;科技ETF,国债ETF,有色ETF;科技ETF,8.495708396329885,0.011770648818784746,1
2025-02-19,979862.0143113417,979862.0143113417,0.0,1.0,False,warning,-0.08960888736897683,3,国债ETF;有色ETF;科技ETF,国债ETF,有色ETF;科技ETF,8.574578464149432,0.011662380887655642,1
2025-02-20,980455.2179648366,980455.2179648366,0.0,1.0,False,warning,-0.0890577410583388,1,国债ETF,国债ETF,,8.746507471195082,0.011433134920347409,1
2025-02-21,980913.1708333674,980913.1708333674,0.0,1.0,False,warning,-0.08863225643353956,1,国债ETF,国债ETF,,8.979578738463024,0.011136379880679831,1
2025-02-24,979749.4732492606,979749.4732492606,0.0,1.0,False,warning,-0.08971344942080482,3,国债ETF;科技ETF;军工ETF,国债ETF,科技ETF;军工ETF,8.335454585110341,0.011996946174792966,1
2025-02-25,978628.2973615531,978628.2973615531,0.0,1.0,False,warning,-0.09075513544287445,4,纳指;国债ETF;科技ETF;军工ETF,纳指;国债ETF,科技ETF;军工ETF,1.0,0.08793495398574193,2
2025-02-26,979740.5670208791,979740.5670208791,0.0,1.0,False,warning,-0.08972172420954763,2,纳指;国债ETF,纳指;国债ETF,,1.0,0.08533983968602084,2
2025-02-27,979713.2641333649,979713.2641333649,0.0,1.0,False,warning,-0.08974709135898203,2,纳指;国债ETF,纳指;国债ETF,,1.2085431951906684,0.08274424976942862,2
2025-02-28,980452.8669032108,980452.8669032108,0.0,1.0,False,warning,-0.0890599254328509,2,纳指;国债ETF,纳指;国债ETF,,1.24606389934957,0.08025270618320518,2
2025-03-03,988349.9499284311,988349.949928431,1.1641532182693481e-10,1.0,False,warning,-0.08172273499494756,3,沪深300;纳指;国债ETF,沪深300;纳指;国债ETF,,1.0,0.10226768983740075,3
2025-03-04,985505.6177401136,985505.6177401135,1.1641532182693481e-10,1.0,False,warning,-0.08436540784867017,3,沪深300;纳指;国债ETF,沪深300;纳指;国债ETF,,1.0,0.09974436923094689,3
2025-03-05,975313.4355198609,975313.4355198609,0.0,1.0,False,warning,-0.0938349780290749,2,纳指;国债ETF,纳指;国债ETF,,1.2589040821532647,0.07943416930458849,2
2025-03-06,968429.2154373701,968429.2154373701,0.0,1.0,False,warning,-0.10023111614746129,2,纳指;国债ETF,纳指;国债ETF,,1.2166962732024627,0.08218978080436648,2
2025-03-07,978949.9126441971,978949.9126441971,0.0,1.0,False,warning,-0.09045632225210978,2,纳指;国债ETF,纳指;国债ETF,,1.0,0.08930916924849959,2
2025-03-10,977874.8003316442,977874.8003316442,0.0,1.0,False,warning,-0.09145521054467842,2,纳指;国债ETF,纳指;国债ETF,,1.0,0.08685136813970987,2
2025-03-11,972257.8649983383,972257.8649983383,0.0,1.0,False,warning,-0.09667391270169472,2,纳指;国债ETF,纳指;国债ETF,,1.0,0.08754610704496114,2
2025-03-12,973021.519123866,973021.519123866,0.0,1.0,False,warning,-0.09596440062871875,2,纳指;国债ETF,纳指;国债ETF,,1.1777538436637303,0.08490738581580193,2
2025-03-13,972317.4870075516,972317.4870075516,0.0,1.0,False,warning,-0.09661851781291218,2,纳指;国债ETF,纳指;国债ETF,,1.2135816535674988,0.08240071832499736,2
2025-03-14,969652.5809569813,969652.5809569813,0.0,1.0,False,warning,-0.09909448560123485,2,纳指;国债ETF,纳指;国债ETF,,1.2399258697257503,0.08064998274624131,2
2025-03-17,972194.4116932717,972194.4116932717,0.0,1.0,False,warning,-0.09673286725259672,2,纳指;国债ETF,纳指;国债ETF,,1.268876746091288,0.0788098610113591,2
2025-03-18,974360.728170725,974360.728170725,0.0,1.0,False,warning,-0.09472013970584542,2,纳指;国债ETF,纳指;国债ETF,,1.3020146850796381,0.07680404925224286,2
2025-03-19,972434.8242303706,972434.8242303706,0.0,1.0,False,warning,-0.09650949964170541,2,纳指;国债ETF,纳指;国债ETF,,1.3341882450644174,0.07495194202911884,2
2025-03-20,972976.3949906153,972976.3949906153,0.0,1.0,False,warning,-0.09600632552148589,2,纳指;国债ETF,纳指;国债ETF,,1.3758036006348113,0.07268479305756932,2
2025-03-21,971593.558641717,0.0,971593.558641717,0.0,True,warning,-0.09729112062923888,0,,纳指;国债ETF,,1.4138863828824555,0.07072704087872496,2
2025-03-24,971593.558641717,0.0,971593.558641717,0.0,True,warning,-0.09729112062923888,0,,纳指;黄金;国债ETF,,1.4591483151325293,0.06853312919798517,3
2025-03-25,971593.558641717,0.0,971593.558641717,0.0,True,warning,-0.09729112062923888,0,,纳指;黄金;国债ETF,,1.5029179986420835,0.06653722963618242,3
2025-03-26,971593.558641717,0.0,971593.558641717,0.0,True,warning,-0.09729112062923888,0,,黄金;国债ETF,,1.3607844511879008,0.07348702427684613,2
2025-03-27,971593.558641717,0.0,971593.558641717,0.0,True,warning,-0.09729112062923888,0,,黄金;国债ETF,,1.3958750622341254,0.07163964935368072,2
2025-03-28,971593.558641717,0.0,971593.558641717,0.0,True,warning,-0.09729112062923888,0,,,,1.0,0.0,0
2025-03-31,971593.558641717,0.0,971593.558641717,0.0,True,warning,-0.09729112062923888,0,,黄金,,0.7425776138333486,0.1346660579811692,1
2025-04-01,971593.558641717,0.0,971593.558641717,0.0,True,warning,-0.09729112062923888,0,,黄金,,0.7653308337490939,0.13066244765042878,1
2025-04-02,971593.558641717,0.0,971593.558641717,0.0,True,warning,-0.09729112062923888,0,,黄金,,0.7604969282060275,0.1314929703081047,1
2025-04-03,971593.558641717,0.0,971593.558641717,0.0,True,warning,-0.09729112062923888,0,,黄金,,0.7834794857757178,0.1276357604960016,1
2025-04-04,971593.558641717,0.0,971593.558641717,0.0,True,warning,-0.09729112062923888,0,,,,1.0,0.0,0
2025-04-07,971593.558641717,0.0,971593.558641717,0.0,True,warning,-0.09729112062923888,0,,,,1.0,0.0,0
2025-04-08,971593.558641717,0.0,971593.558641717,0.0,True,warning,-0.09729112062923888,0,,黄金,,0.805312279597837,0.12417543173430656,1
2025-04-09,971593.558641717,0.0,971593.558641717,0.0,True,warning,-0.09729112062923888,0,,黄金,,0.8291036023236968,0.12061218853679305,1
2025-04-10,971593.558641717,0.0,971593.558641717,0.0,True,warning,-0.09729112062923888,0,,黄金,,0.8429243541268823,0.11863460761384927,1
2025-04-11,971593.558641717,0.0,971593.558641717,0.0,True,warning,-0.09729112062923888,0,,黄金,,0.8677873474236458,0.11523560500955417,1
2025-04-14,971593.558641717,0.0,971593.558641717,0.0,True,warning,-0.09729112062923888,0,,黄金,,1.0,0.11386340753802367,1
2025-04-15,971593.558641717,0.0,971593.558641717,0.0,True,warning,-0.09729112062923888,0,,黄金,,0.864489025017846,0.11567526840255221,1
2025-04-16,971593.558641717,0.0,971593.558641717,0.0,True,warning,-0.09729112062923888,0,,黄金,,0.8570003690080694,0.11668606410956915,1
2025-04-17,971593.558641717,0.0,971593.558641717,0.0,True,warning,-0.09729112062923888,0,,黄金,,1.0,0.11382193461154773,1
2025-04-18,971593.558641717,0.0,971593.558641717,0.0,True,warning,-0.09729112062923888,0,,黄金,,0.819413927987417,0.12203844306822134,1
2025-04-21,971593.558641717,0.0,971593.558641717,0.0,True,warning,-0.09729112062923888,0,,黄金,,0.8441157721148986,0.11846716209253379,1
2025-04-22,971593.558641717,0.0,971593.558641717,0.0,True,warning,-0.09729112062923888,0,,黄金,,0.8457295422358627,0.11824111019656369,1
2025-04-23,971593.558641717,0.0,971593.558641717,0.0,True,warning,-0.09729112062923888,0,,黄金,,0.850210810656108,0.11761788811274931,1
2025-04-24,971593.558641717,0.0,971593.558641717,0.0,True,warning,-0.09729112062923888,0,,黄金,证券ETF,0.8609242196873503,0.11615424181737574,1
2025-04-25,971593.558641717,0.0,971593.558641717,0.0,True,warning,-0.09729112062923888,0,,黄金,,1.0,0.1142427529868861,1
2025-04-28,971593.558641717,0.0,971593.558641717,0.0,True,warning,-0.09729112062923888,0,,黄金,证券ETF;科技ETF,1.0,0.11173385135166182,1
2025-04-29,971593.558641717,0.0,971593.558641717,0.0,True,warning,-0.09729112062923888,0,,黄金,科技ETF,1.0,0.11128514095398345,1
2025-04-30,971593.558641717,0.0,971593.558641717,0.0,True,warning,-0.09729112062923888,0,,黄金,科技ETF,0.6994323612651413,0.14297308151301272,1
2025-05-01,971593.558641717,0.0,971593.558641717,0.0,True,warning,-0.09729112062923888,0,,黄金,科技ETF,0.7022366608104426,0.14240213532086357,1
2025-05-02,971593.558641717,0.0,971593.558641717,0.0,True,warning,-0.09729112062923888,0,,黄金,证券ETF;有色ETF;科技ETF,0.7034283903707202,0.14216088143286068,1
2025-05-05,971593.558641717,971593.558641717,0.0,0.6922926120283523,False,warning,-0.09729112062923888,4,黄金;证券ETF;有色ETF;科技ETF,黄金,证券ETF;有色ETF;科技ETF,0.6922926120283523,0.14444759089225204,1
2025-05-06,983757.6855745967,983757.6855745967,0.0,0.6812945173020243,False,warning,-0.08598941396966146,4,黄金;证券ETF;有色ETF;科技ETF,黄金,证券ETF;有色ETF;科技ETF,0.6812945173020243,0.1467793993059085,1
2025-05-07,988973.1652760196,988973.1652760196,0.0,0.6991637702805551,False,warning,-0.08114370477904659,4,黄金;证券ETF;有色ETF;科技ETF,黄金,证券ETF;有色ETF;科技ETF,0.6991637702805551,0.14302800609916153,1
2025-05-08,965868.0919174266,965868.0919174266,0.0,0.5937512367918166,False,warning,-0.10261065944728559,5,黄金;医药ETF;证券ETF;有色ETF;科技ETF,黄金,医药ETF;证券ETF;有色ETF;科技ETF,0.5937512367918166,0.1684207018082598,1
2025-05-09,950300.050816706,950300.050816706,0.0,0.5725440092055094,False,warning,-0.11707494732881084,5,黄金;医药ETF;证券ETF;有色ETF;科技ETF,黄金,医药ETF;证券ETF;有色ETF;科技ETF,0.5725440092055094,0.17465906269592268,1
2025-05-12,958608.4938702472,958608.4938702472,0.0,0.5777555842337729,False,warning,-0.1093555617364825,7,黄金;消费ETF;医药ETF;证券ETF;有色ETF;科技ETF;军工ETF,黄金,消费ETF;医药ETF;证券ETF;有色ETF;科技ETF;军工ETF,0.5777555842337729,0.17308357154629897,1
2025-05-13,969104.5905979769,969104.5905979769,0.0,0.5781598885796865,False,warning,-0.09960362417927808,6,黄金;医药ETF;证券ETF;有色ETF;科技ETF;军工ETF,黄金,医药ETF;证券ETF;有色ETF;科技ETF;军工ETF,0.5781598885796865,0.17296253506216253,1
2025-05-14,958123.1290990477,958123.1290990477,0.0,0.5762648919579418,False,warning,-0.10980651479684242,6,黄金;医药ETF;证券ETF;有色ETF;科技ETF;军工ETF,黄金,医药ETF;证券ETF;有色ETF;科技ETF;军工ETF,0.5762648919579418,0.1735313072088008,1
2025-05-15,951656.8168494444,951656.8168494444,0.0,1.0,False,warning,-0.1158143741867927,7,沪深300;国债ETF;医药ETF;证券ETF;有色ETF;科技ETF;军工ETF,沪深300;国债ETF,医药ETF;证券ETF;有色ETF;科技ETF;军工ETF,1.4459660314017473,0.06915791784061351,2
2025-05-16,947592.6333080407,947592.6333080407,0.0,1.0,False,warning,-0.11959041256990692,6,国债ETF;医药ETF;证券ETF;有色ETF;科技ETF;军工ETF,国债ETF,医药ETF;证券ETF;有色ETF;科技ETF;军工ETF,6.834774749586289,0.014631060080809983,1
2025-05-19,948356.654248491,948356.654248491,0.0,1.0,False,warning,-0.11888055968869399,5,国债ETF;医药ETF;证券ETF;有色ETF;科技ETF,国债ETF,医药ETF;证券ETF;有色ETF;科技ETF,6.907929893887699,0.014476116801428802,1
2025-05-20,948166.3162008194,948166.3162008194,0.0,1.0,False,warning,-0.11905740302425032,6,国债ETF;医药ETF;证券ETF;有色ETF;科技ETF;军工ETF,国债ETF,医药ETF;证券ETF;有色ETF;科技ETF;军工ETF,7.103927234614497,0.014076720762670736,1
2025-05-21,947912.7306459203,947912.7306459203,0.0,1.0,False,warning,-0.11929300970366025,6,国债ETF;医药ETF;证券ETF;有色ETF;科技ETF;军工ETF,国债ETF,医药ETF;证券ETF;有色ETF;科技ETF;军工ETF,7.295707585107122,0.013706689698492312,1
2025-05-22,948211.5429239614,948211.5429239614,0.0,1.0,False,warning,-0.1190153828150775,4,国债ETF;医药ETF;有色ETF;科技ETF,国债ETF,医药ETF;有色ETF;科技ETF,7.503543836890509,0.013327036154351341,1
2025-05-23,948114.0340117817,948114.0340117817,0.0,1.0,False,warning,-0.11910597847625652,3,沪深300;国债ETF;有色ETF,沪深300;国债ETF,有色ETF,1.4218033333820925,0.07033321532741561,2
2025-05-26,950229.7835005908,950229.7835005908,0.0,1.0,False,warning,-0.11714023278652366,4,沪深300;国债ETF;有色ETF;科技ETF,沪深300;国债ETF,有色ETF;科技ETF,1.448235967386616,0.0690495211083957,2
2025-05-27,950015.6487808222,950015.6487808222,0.0,1.0,False,warning,-0.11733918564206437,4,沪深300;国债ETF;有色ETF;科技ETF,沪深300;国债ETF,有色ETF;科技ETF,1.493586087622539,0.0669529535851382,2
2025-05-28,944794.7441981067,472397.37209905335,472397.37209905335,0.5,False,halve,-0.1221899350971693,3,国债ETF;有色ETF;科技ETF,国债ETF,有色ETF;科技ETF,8.389843003797298,0.011919174167471234,1
2025-05-29,944434.9299149934,472217.4649574967,472217.4649574967,0.5,False,halve,-0.12252423903053926,3,国债ETF;有色ETF;科技ETF,国债ETF,有色ETF;科技ETF,8.321123963052598,0.01201760729007516,1
2025-05-30,945374.6249100219,0.0,945374.6249100219,0.0,True,halve,-0.12165116714943455,0,,国债ETF,有色ETF;科技ETF,7.282138036867791,0.013732230767080078,1
2025-06-02,945374.6249100219,0.0,945374.6249100219,0.0,True,halve,-0.12165116714943455,0,,纳指;国债ETF,有色ETF;科技ETF,1.0,0.08805708593461457,2
2025-06-03,945374.6249100219,0.0,945374.6249100219,0.0,True,halve,-0.12165116714943455,0,,纳指;国债ETF,科技ETF,1.0,0.0867230005687778,2
2025-06-04,945374.6249100219,0.0,945374.6249100219,0.0,True,halve,-0.12165116714943455,0,,纳指;国债ETF,科技ETF,1.1856869989975236,0.0843392902887087,2
2025-06-05,945374.6249100219,472687.31245501095,472687.31245501095,0.5,False,halve,-0.12165116714943455,3,纳指;国债ETF;科技ETF,纳指;国债ETF,科技ETF,1.0,0.09231186969725005,2
2025-06-06,942448.908032025,471224.4540160125,471224.4540160125,0.5,False,halve,-0.12436945462756988,3,纳指;国债ETF;科技ETF,纳指;国债ETF,科技ETF,1.0,0.09307924823213322,2
2025-06-09,946858.4809433289,473429.24047166447,473429.24047166447,0.5,False,halve,-0.1202725145173126,3,纳指;国债ETF;科技ETF,纳指;国债ETF,科技ETF,1.0,0.0965902796698335,2
2025-06-10,945179.0487969604,472589.5243984802,472589.5243984802,0.5,False,halve,-0.121832877178575,3,纳指;有色ETF;科技ETF,纳指,有色ETF;科技ETF,0.5259666523696638,0.19012612215900954,1
2025-06-11,939054.6976230855,469527.34881154273,469527.34881154273,0.5,False,halve,-0.12752302007409858,4,沪深300;纳指;有色ETF;科技ETF,沪深300;纳指,有色ETF;科技ETF,0.800420152260217,0.12493438566935275,2
2025-06-12,935823.4345941693,467911.71729708463,467911.71729708463,0.5,False,halve,-0.13052519089114567,2,纳指;国债ETF,纳指;国债ETF,,1.0,0.09268778502874711,2
2025-06-13,932163.1771475022,466081.5885737511,466081.5885737511,0.5,False,halve,-0.1339259409975055,1,国债ETF,国债ETF,,6.023933817724157,0.016600447983968723,1
2025-06-16,932121.1523141854,466060.5761570927,466060.5761570927,0.5,False,halve,-0.13396498632654427,1,国债ETF,国债ETF,,6.2040160440676875,0.01611859145587164,1
2025-06-17,932064.8184331602,466032.4092165801,466032.4092165801,0.5,False,halve,-0.13401732621101403,1,国债ETF,国债ETF,,6.387412324730659,0.015655792191905625,1
2025-06-18,932096.6290026496,466048.3145013248,466048.3145013248,0.5,False,halve,-0.1339877709682065,1,国债ETF,国债ETF,,6.587697777027461,0.015179809910029384,1
2025-06-19,932416.2587208073,466208.12936040363,466208.12936040363,0.5,False,halve,-0.13369080256807106,3,纳指;国债ETF;科技ETF,纳指;国债ETF,科技ETF,1.0,0.09771340185898916,2
2025-06-20,929436.3592246013,464718.17961230065,464718.17961230065,0.5,False,halve,-0.13645943118950632,3,纳指;国债ETF;科技ETF,纳指;国债ETF,科技ETF,1.0,0.09834513880657708,2
2025-06-23,927699.3930265605,463849.6965132803,463849.6965132803,0.5,False,halve,-0.1380732488153974,2,国债ETF;科技ETF,国债ETF,科技ETF,7.060666070244729,0.01416296975457075,1
2025-06-24,928071.3853225384,464035.6926612692,464035.6926612692,0.5,False,halve,-0.13772763027393012,1,国债ETF,国债ETF,,7.182004665320909,0.013923689089602084,1
2025-06-25,928278.6124309654,464139.3062154827,464139.3062154827,0.5,False,halve,-0.1375350952893581,1,国债ETF,国债ETF,,7.393778600771148,0.013524884284413159,1
2025-06-26,928228.8783317315,464114.43916586577,464114.43916586577,0.5,False,halve,-0.13758130330770754,1,国债ETF,国债ETF,,7.588380138641667,0.013178043030656629,1
2025-06-27,928317.6408730368,464158.8204365184,464158.8204365184,0.5,False,halve,-0.13749883391144704,1,国债ETF,国债ETF,,7.82654967258413,0.012777022338501625,1
2025-06-30,928365.973651718,464182.986825859,464182.986825859,0.5,False,halve,-0.13745392786190389,1,国债ETF,国债ETF,,8.067664819679553,0.012395160462798205,1
2025-07-01,928083.2924119286,464041.6462059643,464041.6462059643,0.5,False,halve,-0.13771656738119642,1,国债ETF,国债ETF,,8.058816148592953,0.012408770488883746,1
2025-07-02,927844.766869256,463922.383434628,463922.383434628,0.5,False,halve,-0.13793818178303366,1,国债ETF,国债ETF,,8.13172417791483,0.012297514993387592,1
2025-07-03,927768.4969242858,463884.2484621429,463884.2484621429,0.5,False,halve,-0.13800904429127223,1,国债ETF,国债ETF,,8.353280055285525,0.011971345308448645,1
2025-07-04,927892.9819317986,463946.4909658993,463946.4909658993,0.5,False,halve,-0.13789338510371288,1,国债ETF,国债ETF,,8.60348425004968,0.011623197892112438,1
2025-07-07,925997.2444627817,0.0,925997.2444627817,0.5,False,halve,-0.13965471733056484,0,,,,1.0,0.0,0
2025-07-08,925997.2444627817,0.0,925997.2444627817,0.5,False,halve,-0.13965471733056484,0,,,,1.0,0.0,0
2025-07-09,925997.2444627817,0.0,925997.2444627817,0.5,False,halve,-0.13965471733056484,0,,,,1.0,0.0,0
2025-07-10,925997.2444627817,0.0,925997.2444627817,0.5,False,halve,-0.13965471733056484,0,,,,1.0,0.0,0
2025-07-11,925997.2444627817,0.0,925997.2444627817,0.5,False,halve,-0.13965471733056484,1,消费ETF,,消费ETF,1.0,0.0,0
2025-07-14,926070.7363075804,0.0,926070.7363075804,0.5,False,halve,-0.13958643595892437,1,消费ETF,,消费ETF,1.0,0.0,0
2025-07-15,926144.2339850651,463072.11699253257,463072.11699253257,0.5,False,halve,-0.13951814916812744,2,黄金;消费ETF,黄金,消费ETF,0.5886432108141354,0.16988219376843386,1
2025-07-16,924588.100464697,0.0,924588.100464697,0.5,False,halve,-0.140963954910486,1,消费ETF,,消费ETF,1.0,0.0,0
2025-07-17,924661.4804726704,462330.7402363352,462330.7402363352,0.5,False,halve,-0.14089577744659,2,黄金;消费ETF,黄金,消费ETF,0.6200417634450872,0.16127945873255087,1
2025-07-18,920493.8504081005,460246.92520405026,460246.92520405026,0.5,False,halve,-0.14476792813321995,2,黄金;消费ETF,黄金,消费ETF,0.6176287150342458,0.1619095705329298,1
2025-07-21,939012.6747558999,469506.33737794997,469506.33737794997,0.4703493976184014,False,halve,-0.12756206357640218,2,黄金;消费ETF,黄金,消费ETF,0.4703493976184014,0.21260790490292258,1
2025-07-22,935132.9860855106,467566.4930427553,467566.4930427553,0.4738549658389524,False,halve,-0.13116668752723476,2,黄金;消费ETF,黄金,消费ETF,0.4738549658389524,0.21103503647566857,1
2025-07-23,932221.2591272523,466110.62956362613,466110.62956362613,0.4818306255151809,False,halve,-0.1338719769521642,4,黄金;消费ETF;医药ETF;科技ETF,黄金,消费ETF;医药ETF;科技ETF,0.4818306255151809,0.20754180972427486,1
2025-07-24,927100.7558025194,463550.3779012597,463550.3779012597,0.4818557267967636,False,halve,-0.13862944346372266,4,黄金;消费ETF;医药ETF;科技ETF,黄金,消费ETF;医药ETF;科技ETF,0.4818557267967636,0.20753099826118257,1
2025-07-25,928319.2675031223,464159.63375156117,464159.63375156117,0.49690761000745165,False,halve,-0.1374973226072514,4,黄金;消费ETF;医药ETF;科技ETF,黄金,消费ETF;医药ETF;科技ETF,0.49690761000745165,0.2012446539075954,1
2025-07-28,930925.1087592475,465462.55437962373,465462.55437962373,0.5,False,halve,-0.1350762319987223,4,黄金;消费ETF;医药ETF;科技ETF,黄金,消费ETF;医药ETF;科技ETF,0.5110564725345295,0.19567309167235628,1
2025-07-29,932064.2425079818,466032.1212539909,466032.1212539909,0.5,False,halve,-0.13401786130387025,5,黄金;消费ETF;医药ETF;证券ETF;科技ETF,黄金,消费ETF;医药ETF;证券ETF;科技ETF,0.5270851179984568,0.18972267777116936,1
2025-07-30,916101.9724893977,458050.98624469887,458050.98624469887,0.4340362200609304,False,halve,-0.14884842780210192,5,黄金;消费ETF;医药ETF;证券ETF;科技ETF,黄金,消费ETF;医药ETF;证券ETF;科技ETF,0.4340362200609304,0.23039551857207197,1
2025-07-31,918082.1287999016,459041.0643999508,459041.0643999508,0.44634444758686276,False,halve,-0.14700866191632064,5,黄金;消费ETF;医药ETF;证券ETF;科技ETF,黄金,消费ETF;医药ETF;证券ETF;科技ETF,0.44634444758686276,0.22404221793425375,1
2025-08-01,914922.5329488683,457461.2664744342,457461.2664744342,0.457085254083165,False,halve,-0.14994424666220765,2,黄金;消费ETF,黄金,消费ETF,0.457085254083165,0.21877756743779217,1
2025-08-04,920802.7971889691,460401.39859448455,460401.39859448455,0.45902708614329735,False,halve,-0.14448088526445807,5,黄金;消费ETF;医药ETF;证券ETF;科技ETF,黄金,消费ETF;医药ETF;证券ETF;科技ETF,0.45902708614329735,0.21785206803413423,1
2025-08-05,911744.830863236,455872.415431618,455872.415431618,0.44523585308481967,False,halve,-0.15289665393496227,5,黄金;消费ETF;医药ETF;证券ETF;科技ETF,黄金,消费ETF;医药ETF;证券ETF;科技ETF,0.44523585308481967,0.22460006153401466,1
2025-08-06,913684.8136610794,456842.4068305397,456842.4068305397,0.4574631577521354,False,halve,-0.1510942133137132,6,黄金;消费ETF;医药ETF;证券ETF;科技ETF;军工ETF,黄金,消费ETF;医药ETF;证券ETF;科技ETF;军工ETF,0.4574631577521354,0.21859683846755243,1
2025-08-07,915589.9563616852,457794.9781808426,457794.9781808426,0.470206640676242,False,halve,-0.14932414267356867,7,黄金;消费ETF;医药ETF;证券ETF;有色ETF;科技ETF;军工ETF,黄金,消费ETF;医药ETF;证券ETF;有色ETF;科技ETF;军工ETF,0.470206640676242,0.2126724536603353,1
2025-08-08,917365.5320376607,458682.76601883036,458682.76601883036,0.5,False,halve,-0.14767445292990816,8,黄金;国债ETF;消费ETF;医药ETF;证券ETF;有色ETF;科技ETF;军工ETF,黄金;国债ETF,消费ETF;医药ETF;证券ETF;有色ETF;科技ETF;军工ETF,1.0,0.10981629700590809,2
2025-08-11,915716.4417297305,457858.22086486523,457858.22086486523,0.5,False,halve,-0.14920662494835385,7,黄金;国债ETF;消费ETF;证券ETF;有色ETF;科技ETF;军工ETF,黄金;国债ETF,消费ETF;证券ETF;有色ETF;科技ETF;军工ETF,1.0,0.10741814491702462,2
2025-08-12,913804.0608451925,456902.03042259626,456902.03042259626,0.5,False,halve,-0.15098342059490455,7,黄金;消费ETF;医药ETF;证券ETF;有色ETF;科技ETF;军工ETF,黄金,消费ETF;医药ETF;证券ETF;有色ETF;科技ETF;军工ETF,0.5048194881045005,0.19809060932944697,1
2025-08-13,912349.9435068312,456174.9717534156,456174.9717534156,0.5,False,halve,-0.15233444296563828,7,黄金;消费ETF;医药ETF;证券ETF;有色ETF;科技ETF;军工ETF,黄金,消费ETF;医药ETF;证券ETF;有色ETF;科技ETF;军工ETF,0.5201416978675139,0.192255303525908,1
2025-08-14,916075.2519214472,458037.6259607236,458037.6259607236,0.5,False,halve,-0.14887325391764808,7,黄金;消费ETF;医药ETF;证券ETF;有色ETF;科技ETF;军工ETF,黄金,消费ETF;医药ETF;证券ETF;有色ETF;科技ETF;军工ETF,0.5275479494391666,0.18955622916610607,1
2025-08-15,919438.0905629847,459719.04528149235,459719.04528149235,0.5,False,halve,-0.14574883602231867,7,黄金;消费ETF;医药ETF;证券ETF;有色ETF;科技ETF;军工ETF,黄金,消费ETF;医药ETF;证券ETF;有色ETF;科技ETF;军工ETF,0.537336623676499,0.18610307876614146,1
2025-08-18,919720.2845831569,459860.14229157846,459860.14229157846,0.5,False,halve,-0.14548664917942633,8,沪深300;黄金;消费ETF;医药ETF;证券ETF;有色ETF;科技ETF;军工ETF,沪深300;黄金,消费ETF;医药ETF;证券ETF;有色ETF;科技ETF;军工ETF,0.8680881693753049,0.1151956719695445,2
2025-08-19,920294.9820753685,460147.49103768426,460147.49103768426,0.5,False,halve,-0.14495269696807495,7,黄金;消费ETF;医药ETF;证券ETF;有色ETF;科技ETF;军工ETF,黄金,消费ETF;医药ETF;证券ETF;有色ETF;科技ETF;军工ETF,0.5715598203085761,0.17495981426058185,1
2025-08-20,918065.0129574861,459032.50647874305,459032.50647874305,0.5,False,halve,-0.14702456426848112,8,沪深300;黄金;消费ETF;医药ETF;证券ETF;有色ETF;科技ETF;军工ETF,沪深300;黄金,消费ETF;医药ETF;证券ETF;有色ETF;科技ETF;军工ETF,1.0,0.1091972387180606,2
2025-08-21,921486.2619826372,460743.1309913186,460743.1309913186,0.5,False,halve,-0.14384587720734,9,沪深300;创业板;黄金;消费ETF;医药ETF;证券ETF;有色ETF;科技ETF;军工ETF,沪深300;创业板;黄金,消费ETF;医药ETF;证券ETF;有色ETF;科技ETF;军工ETF,0.7330200805685404,0.1364219107373411,3
2025-08-22,922948.3681115733,461474.18405578664,461474.18405578664,0.5,False,halve,-0.14248743244056103,9,沪深300;创业板;黄金;消费ETF;医药ETF;证券ETF;有色ETF;科技ETF;军工ETF,沪深300;创业板;黄金,消费ETF;医药ETF;证券ETF;有色ETF;科技ETF;军工ETF,0.7546558324548568,0.13251073628451943,3
2025-08-25,924029.6223758117,462014.8111879058,462014.8111879059,0.5,False,halve,-0.14148283765243785,9,沪深300;创业板;黄金;消费ETF;医药ETF;证券ETF;有色ETF;科技ETF;军工ETF,沪深300;创业板;黄金,消费ETF;医药ETF;证券ETF;有色ETF;科技ETF;军工ETF,0.7779299759217263,0.12854627420869794,3
2025-08-26,928276.2174569573,464138.10872847866,464138.10872847866,0.5,False,halve,-0.13753732046292347,9,沪深300;创业板;黄金;消费ETF;医药ETF;证券ETF;有色ETF;科技ETF;军工ETF,沪深300;创业板;黄金,消费ETF;医药ETF;证券ETF;有色ETF;科技ETF;军工ETF,0.7804405315995858,0.12813276085884553,3
2025-08-27,928561.6914505934,464280.84572529665,464280.84572529676,0.5,False,halve,-0.1372720861922836,9,沪深300;创业板;黄金;消费ETF;医药ETF;证券ETF;有色ETF;科技ETF;军工ETF,沪深300;创业板;黄金,消费ETF;医药ETF;证券ETF;有色ETF;科技ETF;军工ETF,0.8045238925182108,0.12429711650575556,3
2025-08-28,925510.3123326928,462755.15616634634,462755.15616634645,0.5,False,halve,-0.14010712662617264,9,沪深300;创业板;黄金;消费ETF;医药ETF;证券ETF;有色ETF;科技ETF;军工ETF,沪深300;创业板;黄金,消费ETF;医药ETF;证券ETF;有色ETF;科技ETF;军工ETF,0.8032197550531043,0.12449892992657853,3
2025-08-29,929183.9548823826,464591.9774411913,464591.9774411913,0.5,False,halve,-0.1366939404026294,10,沪深300;创业板;黄金;国债ETF;消费ETF;医药ETF;证券ETF;有色ETF;科技ETF;军工ETF,沪深300;创业板;黄金;国债ETF,消费ETF;医药ETF;证券ETF;有色ETF;科技ETF;军工ETF,1.0,0.0932293512702857,4
2025-09-01,931110.8378596222,465555.4189298111,465555.4189298111,0.5,False,halve,-0.13490367084228544,10,沪深300;创业板;黄金;国债ETF;消费ETF;医药ETF;证券ETF;有色ETF;科技ETF;军工ETF,沪深300;创业板;黄金;国债ETF,消费ETF;医药ETF;证券ETF;有色ETF;科技ETF;军工ETF,1.0,0.09106494500624447,4
2025-09-02,935209.2099505223,0.0,935209.2099505223,0.0,True,halve,-0.13109586783194757,0,,沪深300;创业板;黄金;国债ETF,消费ETF;医药ETF;证券ETF;有色ETF;科技ETF;军工ETF,1.0,0.09247578164666165,4
2025-09-03,935209.2099505223,0.0,935209.2099505223,0.0,True,halve,-0.13109586783194757,0,,沪深300;创业板;黄金;国债ETF,消费ETF;医药ETF;证券ETF;有色ETF;科技ETF;军工ETF,1.0,0.09455074772791433,4
2025-09-04,935209.2099505223,0.0,935209.2099505223,0.0,True,halve,-0.13109586783194757,0,,沪深300;创业板;黄金;国债ETF,消费ETF;医药ETF;证券ETF;有色ETF;科技ETF;军工ETF,1.0,0.09686524102640398,4
2025-09-05,935209.2099505223,0.0,935209.2099505223,0.0,True,halve,-0.13109586783194757,0,,沪深300;创业板;国债ETF,消费ETF;医药ETF;证券ETF;有色ETF;科技ETF;军工ETF,0.837887044984801,0.11934782927908137,3
2025-09-08,935209.2099505223,467604.60497526114,467604.60497526114,0.5,False,halve,-0.13109586783194757,9,沪深300;创业板;国债ETF;消费ETF;医药ETF;证券ETF;有色ETF;科技ETF;军工ETF,沪深300;创业板;国债ETF,消费ETF;医药ETF;证券ETF;有色ETF;科技ETF;军工ETF,0.766915981838823,0.13039237982788088,3
2025-09-09,940004.6748162447,470002.3374081224,470002.3374081224,0.5,False,halve,-0.12664039498891022,8,沪深300;创业板;消费ETF;医药ETF;证券ETF;有色ETF;科技ETF;军工ETF,沪深300;创业板,消费ETF;医药ETF;证券ETF;有色ETF;科技ETF;军工ETF,0.5075925016092815,0.19700842641086697,2
2025-09-10,941043.9628720955,470521.98143604776,470521.98143604776,0.5,False,halve,-0.12567479106132548,8,沪深300;创业板;消费ETF;医药ETF;证券ETF;有色ETF;科技ETF;军工ETF,沪深300;创业板,消费ETF;医药ETF;证券ETF;有色ETF;科技ETF;军工ETF,0.5235394058775225,0.1910075896433938,2
2025-09-11,947868.8332108002,947868.8332108002,0.0,0.524437886807776,False,warning,-0.11933379486954782,8,沪深300;创业板;消费ETF;医药ETF;证券ETF;有色ETF;科技ETF;军工ETF,沪深300;创业板,消费ETF;医药ETF;证券ETF;有色ETF;科技ETF;军工ETF,0.524437886807776,0.19068035036273673,2
2025-09-12,960960.1166872412,960960.1166872412,0.0,0.5284990245819384,False,warning,-0.10717066582095261,8,沪深300;创业板;消费ETF;医药ETF;证券ETF;有色ETF;科技ETF;军工ETF,沪深300;创业板,消费ETF;医药ETF;证券ETF;有色ETF;科技ETF;军工ETF,0.5284990245819384,0.18921510797319555,2
2025-09-15,959000.1004193656,959000.1004193656,0.0,0.541425419933714,False,warning,-0.10899171956609684,8,沪深300;创业板;消费ETF;医药ETF;证券ETF;有色ETF;科技ETF;军工ETF,沪深300;创业板,消费ETF;医药ETF;证券ETF;有色ETF;科技ETF;军工ETF,0.541425419933714,0.18469764499096272,2
2025-09-16,965843.4360181619,965843.4360181619,0.0,0.5566459868480951,False,warning,-0.10263356727638458,8,沪深300;创业板;消费ETF;医药ETF;证券ETF;有色ETF;科技ETF;军工ETF,沪深300;创业板,消费ETF;医药ETF;证券ETF;有色ETF;科技ETF;军工ETF,0.5566459868480951,0.1796473923511629,2
2025-09-17,976734.4708942648,976734.4708942648,0.0,0.566343427241829,False,warning,-0.09251469215545548,8,沪深300;创业板;消费ETF;医药ETF;证券ETF;有色ETF;科技ETF;军工ETF,沪深300;创业板,消费ETF;医药ETF;证券ETF;有色ETF;科技ETF;军工ETF,0.566343427241829,0.1765713084850545,2
2025-09-18,988722.1970669073,0.0,988722.1970669073,0.0,True,warning,-0.08137687967897302,0,,沪深300;创业板;国债ETF,消费ETF;医药ETF;证券ETF;有色ETF;科技ETF;军工ETF,0.8619355176334216,0.11601795952737347,3
2025-09-19,988722.1970669073,0.0,988722.1970669073,0.0,True,warning,-0.08137687967897302,0,,沪深300;创业板;国债ETF,消费ETF;医药ETF;证券ETF;有色ETF;科技ETF;军工ETF,1.0,0.11267936709763858,3
2025-09-22,988722.1970669073,0.0,988722.1970669073,0.0,True,warning,-0.08137687967897302,0,,沪深300;创业板,消费ETF;医药ETF;证券ETF;有色ETF;科技ETF;军工ETF,0.5889705532118699,0.16978777538989642,2
2025-09-23,988722.1970669073,0.0,988722.1970669073,0.0,True,warning,-0.08137687967897302,0,,沪深300;创业板;国债ETF,医药ETF;证券ETF;科技ETF;军工ETF,0.7087721818586635,0.14108905874065616,3
2025-09-24,988722.1970669073,0.0,988722.1970669073,0.0,True,warning,-0.08137687967897302,0,,沪深300;创业板;国债ETF,医药ETF;证券ETF;有色ETF;科技ETF;军工ETF,0.3361570253942501,0.2974800240533973,3
2025-09-25,988722.1970669073,0.0,988722.1970669073,0.0,True,warning,-0.08137687967897302,0,,创业板;纳指,医药ETF;证券ETF;科技ETF;军工ETF,0.20791752368603728,0.48095994136118847,2
2025-09-26,988722.1970669073,988722.1970669073,0.0,0.2279828193954507,False,warning,-0.08137687967897302,7,沪深300;创业板;纳指;医药ETF;证券ETF;科技ETF;军工ETF,沪深300;创业板;纳指,医药ETF;证券ETF;科技ETF;军工ETF,0.2279828193954507,0.43862954351197686,3
2025-09-29,960823.1960023537,960823.1960023537,0.0,0.2149228454125321,False,warning,-0.10729787901305149,5,创业板;纳指;证券ETF;科技ETF;军工ETF,创业板;纳指,证券ETF;科技ETF;军工ETF,0.2149228454125321,0.46528324994048786,2
2025-09-30,965728.5198003917,965728.5198003917,0.0,0.23442743680777944,False,warning,-0.10274033608855114,6,沪深300;创业板;纳指;证券ETF;科技ETF;军工ETF,沪深300;创业板;纳指,证券ETF;科技ETF;军工ETF,0.23442743680777944,0.4265712297234038,3
2025-10-01,962710.7763585229,962710.7763585228,1.1641532182693481e-10,0.24177011612883298,False,warning,-0.10554412557069447,6,沪深300;创业板;纳指;证券ETF;科技ETF;军工ETF,沪深300;创业板;纳指,证券ETF;科技ETF;军工ETF,0.24177011612883298,0.4136160481749226,3
2025-10-02,964323.9733059428,964323.9733059428,0.0,0.24924267210862422,False,warning,-0.10404530212167369,6,沪深300;创业板;纳指;证券ETF;科技ETF;军工ETF,沪深300;创业板;纳指,证券ETF;科技ETF;军工ETF,0.24924267210862422,0.4012154064710809,3
2025-10-03,974315.2089934996,974315.2089934996,0.0,0.25540649736944326,False,warning,-0.0947624316344997,7,沪深300;创业板;纳指;医药ETF;证券ETF;科技ETF;军工ETF,沪深300;创业板;纳指,医药ETF;证券ETF;科技ETF;军工ETF,0.25540649736944326,0.3915327175696352,3
2025-10-06,966754.4147387923,966754.4147387923,0.0,0.2627940005557086,False,warning,-0.10178717572436512,7,沪深300;创业板;纳指;医药ETF;证券ETF;科技ETF;军工ETF,沪深300;创业板;纳指,医药ETF;证券ETF;科技ETF;军工ETF,0.2627940005557086,0.380526190813102,3
2025-10-07,967630.7149960194,967630.7149960194,0.0,0.2545275221884964,False,warning,-0.10097300397923786,6,创业板;纳指;医药ETF;证券ETF;科技ETF;军工ETF,创业板;纳指,医药ETF;证券ETF;科技ETF;军工ETF,0.2545275221884964,0.39288482102121214,2
2025-10-08,971037.3159417673,971037.3159417673,0.0,0.26229856940658064,False,warning,-0.09780792646833036,6,创业板;纳指;医药ETF;证券ETF;科技ETF;军工ETF,创业板;纳指,医药ETF;证券ETF;科技ETF;军工ETF,0.26229856940658064,0.3812449310197845,2
2025-10-09,965832.4941078019,965832.4941078019,0.0,0.2701936331798644,False,warning,-0.1026437334199859,6,创业板;纳指;医药ETF;证券ETF;科技ETF;军工ETF,创业板;纳指,医药ETF;证券ETF;科技ETF;军工ETF,0.2701936331798644,0.37010494593494475,2
2025-10-10,974481.6907704656,974481.6907704656,0.0,0.2772586571910463,False,warning,-0.09460775319207493,6,创业板;纳指;医药ETF;证券ETF;科技ETF;军工ETF,创业板;纳指,医药ETF;证券ETF;科技ETF;军工ETF,0.2772586571910463,0.3606740399492542,2
2025-10-13,988642.3765076201,988642.3765076201,0.0,0.2824972869064643,False,warning,-0.08145104106773896,6,创业板;纳指;医药ETF;证券ETF;科技ETF;军工ETF,创业板;纳指,医药ETF;证券ETF;科技ETF;军工ETF,0.2824972869064643,0.35398570051793204,2
2025-10-14,993688.3411320713,993688.3411320713,0.0,0.31086016066872413,False,normal,-0.07676282856265525,7,沪深300;创业板;纳指;医药ETF;证券ETF;科技ETF;军工ETF,沪深300;创业板;纳指,医药ETF;证券ETF;科技ETF;军工ETF,0.31086016066872413,0.3216880535121626,3
2025-10-15,989473.5803184656,989473.5803184656,0.0,0.2997443713716848,False,warning,-0.08067876849147156,5,创业板;纳指;证券ETF;科技ETF;军工ETF,创业板;纳指,证券ETF;科技ETF;军工ETF,0.2997443713716848,0.33361760737118035,2
2025-10-16,990249.6206684683,990249.6206684683,0.0,0.3091624836937941,False,normal,-0.07995774836071155,5,创业板;纳指;证券ETF;科技ETF;军工ETF,创业板;纳指,证券ETF;科技ETF;军工ETF,0.3091624836937941,0.32345451105588763,2
2025-10-17,994043.2257043378,994043.2257043378,0.0,0.31865012151938893,False,normal,-0.07643310483024958,5,创业板;纳指;证券ETF;科技ETF;军工ETF,创业板;纳指,证券ETF;科技ETF;军工ETF,0.31865012151938893,0.3138238250880921,2
2025-10-20,997063.8838719416,997063.8838719416,0.0,0.3285473924955543,False,normal,-0.07362660727251386,5,创业板;纳指;证券ETF;科技ETF;军工ETF,创业板;纳指,证券ETF;科技ETF;军工ETF,0.3285473924955543,0.3043700917557979,2
2025-10-21,984377.6908814097,984377.6908814097,0.0,0.3336865285261578,False,warning,-0.0854133662069535,5,创业板;纳指;证券ETF;科技ETF;军工ETF,创业板;纳指,证券ETF;科技ETF;军工ETF,0.3336865285261578,0.2996824607864293,2
2025-10-22,983717.1101706831,983717.1101706831,0.0,0.3441496241288994,False,warning,-0.0860271126318964,4,创业板;纳指;科技ETF;军工ETF,创业板;纳指,科技ETF;军工ETF,0.3441496241288994,0.2905712893138176,2
2025-10-23,991583.9572543092,991583.9572543092,0.0,0.353026630571113,False,normal,-0.07871801444790981,4,创业板;纳指;科技ETF;军工ETF,创业板;纳指,科技ETF;军工ETF,0.353026630571113,0.2832647492859783,2
2025-10-24,993535.2315852052,993535.2315852052,0.0,0.3640542080846751,False,normal,-0.07690508284814652,4,创业板;纳指;科技ETF;军工ETF,创业板;纳指,科技ETF;军工ETF,0.3640542080846751,0.27468436782013816,2
2025-10-27,979029.5979683244,979029.5979683244,0.0,0.7332181478567719,False,warning,-0.09038228651051242,2,纳指;科技ETF,纳指,科技ETF,0.7332181478567719,0.1363850585154013,1
2025-10-28,967336.2762744223,967336.2762744223,0.0,0.7090360665129457,False,warning,-0.1012465673906584,2,纳指;科技ETF,纳指,科技ETF,0.7090360665129457,0.1410365490881192,1
2025-10-29,982257.5428245554,0.0,982257.5428245554,0.0,True,warning,-0.08738319861216066,0,,纳指,科技ETF,0.6752000538754678,0.1481042535853289,1
2025-10-30,982257.5428245554,0.0,982257.5428245554,0.0,True,warning,-0.08738319861216066,0,,纳指,科技ETF,0.6796206842844733,0.14714090125918292,1
2025-10-31,982257.5428245554,0.0,982257.5428245554,0.0,True,warning,-0.08738319861216066,0,,创业板,科技ETF,0.20060435100672505,0.49849367423066315,1
2025-11-03,982257.5428245554,0.0,982257.5428245554,0.0,True,warning,-0.08738319861216066,0,,纳指,科技ETF;军工ETF,0.6860482442534548,0.1457623437384031,1
2025-11-04,982257.5428245554,0.0,982257.5428245554,0.0,True,warning,-0.08738319861216066,0,,,科技ETF;军工ETF,1.0,0.0,0
2025-11-05,982257.5428245554,0.0,982257.5428245554,0.0,True,warning,-0.08738319861216066,0,,纳指,科技ETF;军工ETF,0.5452162243739638,0.18341347071031036,1
2025-11-06,982257.5428245554,0.0,982257.5428245554,0.0,True,warning,-0.08738319861216066,0,,纳指,科技ETF,0.5593647055062156,0.17877423980388912,1
2025-11-07,982257.5428245554,0.0,982257.5428245554,0.0,True,warning,-0.08738319861216066,0,,纳指,科技ETF,0.5747392759745339,0.1739919371795828,1
2025-11-10,982257.5428245554,0.0,982257.5428245554,0.0,True,warning,-0.08738319861216066,0,,纳指,科技ETF,0.5718955844729031,0.17485709404832464,1
2025-11-11,982257.5428245554,0.0,982257.5428245554,0.0,True,warning,-0.08738319861216066,0,,纳指;国债ETF,有色ETF;科技ETF,1.0,0.08650172436884947,2
2025-11-12,982257.5428245554,0.0,982257.5428245554,0.0,True,warning,-0.08738319861216066,0,,纳指;黄金;国债ETF,医药ETF;有色ETF;科技ETF,1.2504393701869598,0.07997189018852507,3
2025-11-13,982257.5428245554,0.0,982257.5428245554,0.0,True,warning,-0.08738319861216066,0,,纳指;黄金;国债ETF,有色ETF;科技ETF,1.2848651313746868,0.0778291803226143,3
2025-11-14,982257.5428245554,0.0,982257.5428245554,0.0,True,warning,-0.08738319861216066,0,,纳指;黄金;国债ETF,医药ETF;有色ETF;科技ETF,1.3241833469919266,0.07551824317015043,3
2025-11-17,982257.5428245554,0.0,982257.5428245554,0.0,True,warning,-0.08738319861216066,0,,纳指;黄金;国债ETF,有色ETF;科技ETF,1.316181865245017,0.07597734222039616,3
2025-11-18,982257.5428245554,0.0,982257.5428245554,0.0,True,warning,-0.08738319861216066,0,,纳指;黄金;国债ETF,有色ETF;科技ETF,1.3414587639455855,0.07454571298626692,3
2025-11-19,982257.5428245554,0.0,982257.5428245554,0.0,True,warning,-0.08738319861216066,0,,沪深300;纳指;黄金,有色ETF;科技ETF,1.0,0.09686770806771279,3
2025-11-20,982257.5428245554,0.0,982257.5428245554,0.0,True,warning,-0.08738319861216066,0,,纳指;黄金;国债ETF,有色ETF;科技ETF,1.413234601004789,0.07075966009387365,3
2025-11-21,982257.5428245554,0.0,982257.5428245554,0.0,True,warning,-0.08738319861216066,0,,沪深300;创业板;纳指;黄金;国债ETF,有色ETF;科技ETF,1.0,0.11105595252967804,5
2025-11-24,982257.5428245554,0.0,982257.5428245554,0.0,True,warning,-0.08738319861216066,0,,沪深300;纳指;黄金;国债ETF,有色ETF;科技ETF,1.0,0.10546130914311917,4
2025-11-25,982257.5428245554,0.0,982257.5428245554,0.0,True,warning,-0.08738319861216066,0,,纳指;黄金;国债ETF,科技ETF,0.7854672490023207,0.1273127557221734,3
2025-11-26,982257.5428245554,0.0,982257.5428245554,0.0,True,warning,-0.08738319861216066,0,,纳指;黄金;国债ETF,,0.7048063437325832,0.14188294542073798,3
2025-11-27,982257.5428245554,0.0,982257.5428245554,0.0,True,warning,-0.08738319861216066,0,,纳指;黄金;国债ETF,,0.6345829816934214,0.157583803670789,3
2025-11-28,982257.5428245554,0.0,982257.5428245554,0.0,True,warning,-0.08738319861216066,0,,纳指;黄金;国债ETF,,0.6455479725212684,0.1549071552489546,3
2025-12-01,982257.5428245554,0.0,982257.5428245554,0.0,True,warning,-0.08738319861216066,0,,纳指;黄金;国债ETF,有色ETF,0.6572562814200509,0.1521476520299549,3
2025-12-02,982257.5428245554,0.0,982257.5428245554,0.0,True,warning,-0.08738319861216066,0,,纳指;黄金;国债ETF,有色ETF;科技ETF,0.6719143151305735,0.148828500521777,3
2025-12-03,982257.5428245554,0.0,982257.5428245554,0.0,True,warning,-0.08738319861216066,0,,纳指;国债ETF,有色ETF;科技ETF,0.7746277710803728,0.12909426144189237,2
2025-12-04,982257.5428245554,0.0,982257.5428245554,0.0,True,warning,-0.08738319861216066,0,,纳指;国债ETF,有色ETF;科技ETF,0.7408806130292062,0.13497451308805933,2
2025-12-05,982257.5428245554,0.0,982257.5428245554,0.0,True,warning,-0.08738319861216066,0,,纳指;国债ETF,科技ETF,0.757826682481636,0.13195629332096426,2
